IDpol,ClaimNb,ActualClaimCount,Difference
1.0,1,0,1
3.0,1,0,1
5.0,1,0,1
10.0,1,0,1
11.0,1,0,1
13.0,1,0,1
15.0,1,0,1
17.0,1,0,1
18.0,1,0,1
21.0,1,0,1
25.0,1,0,1
27.0,1,0,1
30.0,1,0,1
32.0,1,0,1
35.0,1,0,1
36.0,1,0,1
38.0,1,0,1
42.0,1,0,1
44.0,1,0,1
45.0,1,0,1
47.0,1,0,1
49.0,2,0,2
50.0,1,0,1
52.0,1,0,1
53.0,1,0,1
54.0,1,0,1
55.0,1,0,1
58.0,1,0,1
59.0,1,0,1
60.0,2,0,2
62.0,1,0,1
65.0,1,0,1
67.0,1,0,1
68.0,1,0,1
72.0,1,0,1
73.0,1,0,1
77.0,1,0,1
78.0,1,0,1
80.0,1,0,1
82.0,1,0,1
84.0,1,0,1
86.0,1,0,1
88.0,1,0,1
90.0,1,0,1
92.0,1,0,1
94.0,1,0,1
96.0,1,0,1
97.0,1,0,1
100.0,1,0,1
102.0,2,0,2
104.0,1,0,1
107.0,1,0,1
108.0,1,0,1
109.0,1,0,1
112.0,1,0,1
113.0,1,0,1
115.0,1,0,1
117.0,1,0,1
120.0,1,0,1
121.0,1,0,1
122.0,1,0,1
124.0,1,0,1
127.0,1,0,1
129.0,1,0,1
133.0,1,0,1
137.0,1,0,1
142.0,1,0,1
145.0,1,0,1
147.0,1,0,1
148.0,1,0,1
149.0,1,0,1
150.0,1,0,1
151.0,2,0,2
153.0,1,0,1
155.0,1,0,1
158.0,1,0,1
159.0,1,0,1
161.0,1,0,1
163.0,1,0,1
166.0,1,0,1
167.0,1,0,1
170.0,1,0,1
173.0,1,0,1
175.0,1,0,1
178.0,1,0,1
179.0,1,0,1
181.0,1,0,1
183.0,1,0,1
184.0,1,0,1
186.0,1,0,1
188.0,1,0,1
189.0,1,0,1
193.0,1,0,1
194.0,1,0,1
195.0,1,0,1
196.0,1,0,1
197.0,1,0,1
198.0,1,0,1
200.0,1,0,1
202.0,2,0,2
205.0,1,0,1
206.0,1,0,1
209.0,1,0,1
210.0,1,0,1
211.0,1,0,1
212.0,1,0,1
213.0,1,0,1
215.0,1,0,1
217.0,1,0,1
219.0,1,0,1
220.0,1,0,1
222.0,1,0,1
223.0,1,0,1
225.0,1,0,1
227.0,1,0,1
229.0,1,0,1
230.0,1,0,1
233.0,1,0,1
234.0,1,0,1
237.0,1,0,1
238.0,1,0,1
241.0,1,0,1
246.0,1,0,1
247.0,1,0,1
250.0,1,0,1
256.0,1,0,1
259.0,1,0,1
261.0,1,0,1
264.0,1,0,1
266.0,1,0,1
268.0,1,0,1
271.0,1,0,1
272.0,1,0,1
274.0,1,0,1
275.0,1,0,1
277.0,1,0,1
278.0,1,0,1
280.0,1,0,1
282.0,1,0,1
285.0,1,0,1
286.0,1,0,1
289.0,1,0,1
291.0,1,0,1
292.0,1,0,1
293.0,1,0,1
295.0,1,0,1
296.0,1,0,1
299.0,1,0,1
300.0,1,0,1
303.0,1,0,1
304.0,2,0,2
306.0,1,0,1
307.0,1,0,1
311.0,1,0,1
312.0,1,0,1
316.0,1,0,1
319.0,1,0,1
320.0,1,0,1
322.0,1,0,1
325.0,1,0,1
328.0,1,0,1
329.0,1,0,1
332.0,1,0,1
335.0,1,0,1
337.0,1,0,1
339.0,1,0,1
340.0,1,0,1
345.0,1,0,1
346.0,1,0,1
349.0,1,0,1
352.0,1,0,1
354.0,1,0,1
355.0,1,0,1
359.0,1,0,1
361.0,1,0,1
364.0,1,0,1
365.0,1,0,1
367.0,1,0,1
369.0,1,0,1
371.0,1,0,1
372.0,1,0,1
374.0,1,0,1
376.0,1,0,1
379.0,1,0,1
382.0,1,0,1
383.0,1,0,1
386.0,1,0,1
387.0,1,0,1
391.0,1,0,1
394.0,1,0,1
397.0,2,0,2
400.0,1,0,1
402.0,1,0,1
403.0,1,0,1
406.0,1,0,1
407.0,1,0,1
412.0,1,0,1
416.0,1,0,1
417.0,1,0,1
418.0,1,0,1
420.0,1,0,1
422.0,1,0,1
425.0,1,0,1
427.0,1,0,1
434.0,1,0,1
436.0,1,0,1
438.0,1,0,1
439.0,1,0,1
442.0,1,0,1
443.0,1,0,1
444.0,1,0,1
447.0,1,0,1
448.0,1,0,1
449.0,1,0,1
451.0,1,0,1
454.0,1,0,1
456.0,1,0,1
459.0,1,0,1
462.0,1,0,1
465.0,1,0,1
466.0,1,0,1
468.0,1,0,1
470.0,1,0,1
473.0,1,0,1
477.0,1,0,1
478.0,1,0,1
480.0,1,0,1
482.0,1,0,1
484.0,1,0,1
486.0,1,0,1
487.0,1,0,1
490.0,1,0,1
491.0,1,0,1
493.0,1,0,1
495.0,1,0,1
496.0,1,0,1
501.0,1,0,1
504.0,1,0,1
505.0,1,0,1
507.0,1,0,1
510.0,1,0,1
512.0,1,0,1
514.0,1,0,1
517.0,1,0,1
519.0,1,0,1
521.0,1,0,1
527.0,1,0,1
530.0,1,0,1
532.0,1,0,1
536.0,1,0,1
539.0,1,0,1
542.0,1,0,1
545.0,1,0,1
546.0,1,0,1
548.0,1,0,1
550.0,1,0,1
551.0,1,0,1
554.0,1,0,1
555.0,1,0,1
558.0,1,0,1
561.0,1,0,1
563.0,1,0,1
565.0,1,0,1
567.0,1,0,1
569.0,1,0,1
571.0,1,0,1
573.0,1,0,1
574.0,1,0,1
577.0,1,0,1
578.0,1,0,1
581.0,1,0,1
582.0,1,0,1
584.0,1,0,1
588.0,1,0,1
590.0,1,0,1
592.0,2,0,2
594.0,1,0,1
596.0,1,0,1
598.0,1,0,1
599.0,1,0,1
602.0,1,0,1
603.0,1,0,1
608.0,1,0,1
609.0,1,0,1
613.0,1,0,1
614.0,1,0,1
617.0,1,0,1
618.0,1,0,1
620.0,2,0,2
624.0,1,0,1
626.0,1,0,1
630.0,2,0,2
631.0,1,0,1
634.0,1,0,1
635.0,1,0,1
636.0,1,0,1
637.0,1,0,1
638.0,1,0,1
640.0,1,0,1
642.0,1,0,1
644.0,1,0,1
646.0,1,0,1
647.0,1,0,1
648.0,1,0,1
651.0,1,0,1
653.0,1,0,1
654.0,1,0,1
657.0,1,0,1
659.0,1,0,1
661.0,1,0,1
662.0,1,0,1
666.0,1,0,1
668.0,1,0,1
670.0,1,0,1
671.0,1,0,1
676.0,1,0,1
677.0,1,0,1
679.0,1,0,1
680.0,1,0,1
681.0,1,0,1
685.0,1,0,1
687.0,1,0,1
688.0,1,0,1
692.0,1,0,1
694.0,1,0,1
696.0,1,0,1
698.0,1,0,1
700.0,1,0,1
702.0,1,0,1
704.0,1,0,1
706.0,1,0,1
708.0,1,0,1
709.0,1,0,1
711.0,1,0,1
714.0,1,0,1
715.0,1,0,1
717.0,1,0,1
719.0,1,0,1
722.0,1,0,1
723.0,1,0,1
724.0,1,0,1
726.0,1,0,1
730.0,1,0,1
731.0,1,0,1
732.0,2,0,2
734.0,1,0,1
738.0,1,0,1
739.0,1,0,1
742.0,1,0,1
745.0,1,0,1
746.0,1,0,1
748.0,1,0,1
750.0,1,0,1
754.0,1,0,1
755.0,1,0,1
756.0,1,0,1
758.0,1,0,1
759.0,1,0,1
762.0,1,0,1
765.0,1,0,1
768.0,1,0,1
769.0,1,0,1
771.0,1,0,1
772.0,1,0,1
773.0,1,0,1
776.0,1,0,1
778.0,2,0,2
780.0,1,0,1
782.0,1,0,1
784.0,1,0,1
785.0,1,0,1
789.0,1,0,1
790.0,1,0,1
793.0,1,0,1
795.0,1,0,1
798.0,1,0,1
799.0,1,0,1
802.0,1,0,1
805.0,1,0,1
807.0,1,0,1
809.0,1,0,1
813.0,1,0,1
816.0,1,0,1
818.0,1,0,1
820.0,1,0,1
822.0,1,0,1
827.0,1,0,1
829.0,1,0,1
833.0,1,0,1
834.0,1,0,1
837.0,1,0,1
838.0,1,0,1
841.0,1,0,1
842.0,1,0,1
845.0,1,0,1
849.0,1,0,1
850.0,1,0,1
852.0,1,0,1
853.0,1,0,1
854.0,1,0,1
856.0,1,0,1
859.0,1,0,1
861.0,1,0,1
863.0,1,0,1
865.0,1,0,1
867.0,1,0,1
870.0,1,0,1
872.0,1,0,1
874.0,1,0,1
876.0,1,0,1
878.0,1,0,1
880.0,1,0,1
882.0,1,0,1
884.0,1,0,1
886.0,1,0,1
887.0,1,0,1
889.0,1,0,1
890.0,1,0,1
892.0,1,0,1
895.0,1,0,1
896.0,1,0,1
901.0,1,0,1
902.0,1,0,1
905.0,1,0,1
908.0,1,0,1
910.0,1,0,1
911.0,1,0,1
912.0,1,0,1
913.0,2,0,2
915.0,1,0,1
918.0,1,0,1
920.0,1,0,1
921.0,1,0,1
925.0,1,0,1
926.0,1,0,1
928.0,1,0,1
931.0,1,0,1
932.0,1,0,1
933.0,1,0,1
937.0,1,0,1
939.0,1,0,1
940.0,1,0,1
941.0,1,0,1
943.0,1,0,1
944.0,1,0,1
947.0,1,0,1
948.0,1,0,1
951.0,1,0,1
953.0,1,0,1
954.0,1,0,1
956.0,1,0,1
959.0,1,0,1
961.0,1,0,1
963.0,1,0,1
965.0,1,0,1
968.0,1,0,1
969.0,1,0,1
971.0,1,0,1
972.0,1,0,1
976.0,2,0,2
979.0,1,0,1
980.0,1,0,1
982.0,1,0,1
984.0,1,0,1
987.0,1,0,1
990.0,1,0,1
992.0,1,0,1
995.0,1,0,1
996.0,1,0,1
999.0,2,0,2
1000.0,1,0,1
1003.0,1,0,1
1005.0,1,0,1
1010.0,1,0,1
1014.0,1,0,1
1015.0,1,0,1
1020.0,2,0,2
1021.0,1,0,1
1024.0,1,0,1
1025.0,1,0,1
1028.0,1,0,1
1029.0,1,0,1
1030.0,1,0,1
1032.0,1,0,1
1035.0,1,0,1
1037.0,1,0,1
1039.0,1,0,1
1040.0,1,0,1
1043.0,1,0,1
1045.0,1,0,1
1047.0,1,0,1
1049.0,1,0,1
1052.0,1,0,1
1053.0,1,0,1
1056.0,2,0,2
1057.0,1,0,1
1062.0,2,0,2
1063.0,1,0,1
1066.0,1,0,1
1067.0,1,0,1
1070.0,1,0,1
1073.0,1,0,1
1075.0,1,0,1
1077.0,1,0,1
1079.0,1,0,1
1081.0,1,0,1
1082.0,1,0,1
1083.0,1,0,1
1085.0,1,0,1
1087.0,1,0,1
1088.0,1,0,1
1090.0,1,0,1
1092.0,1,0,1
1094.0,1,0,1
1095.0,1,0,1
1097.0,1,0,1
1098.0,1,0,1
1100.0,1,0,1
1102.0,1,0,1
1104.0,1,0,1
1105.0,1,0,1
1107.0,1,0,1
1109.0,1,0,1
1110.0,1,0,1
1112.0,1,0,1
1113.0,1,0,1
1116.0,1,0,1
1120.0,1,0,1
1121.0,1,0,1
1123.0,1,0,1
1125.0,1,0,1
1129.0,1,0,1
1131.0,1,0,1
1134.0,1,0,1
1136.0,1,0,1
1137.0,1,0,1
1139.0,1,0,1
1140.0,1,0,1
1141.0,1,0,1
1143.0,1,0,1
1144.0,1,0,1
1147.0,4,0,4
1148.0,1,0,1
1151.0,1,0,1
1153.0,1,0,1
1155.0,1,0,1
1158.0,1,0,1
1162.0,1,0,1
1165.0,1,0,1
1166.0,1,0,1
1169.0,2,0,2
1172.0,1,0,1
1174.0,1,0,1
1176.0,1,0,1
1178.0,1,0,1
1180.0,1,0,1
1182.0,1,0,1
1185.0,1,0,1
1187.0,1,0,1
1189.0,1,0,1
1190.0,1,0,1
1192.0,1,0,1
1195.0,1,0,1
1197.0,1,0,1
1200.0,1,0,1
1204.0,1,0,1
1205.0,1,0,1
1207.0,1,0,1
1208.0,1,0,1
1211.0,1,0,1
1212.0,1,0,1
1214.0,1,0,1
1215.0,1,0,1
1216.0,1,0,1
1219.0,1,0,1
1221.0,1,0,1
1223.0,1,0,1
1228.0,1,0,1
1230.0,1,0,1
1232.0,1,0,1
1235.0,1,0,1
1237.0,1,0,1
1238.0,1,0,1
1239.0,2,0,2
1240.0,1,0,1
1243.0,2,0,2
1245.0,1,0,1
1246.0,1,0,1
1248.0,1,0,1
1250.0,1,0,1
1253.0,1,0,1
1254.0,1,0,1
1258.0,1,0,1
1260.0,1,0,1
1261.0,1,0,1
1264.0,1,0,1
1265.0,1,0,1
1266.0,1,0,1
1268.0,1,0,1
1270.0,1,0,1
1271.0,2,0,2
1273.0,1,0,1
1275.0,1,0,1
1276.0,1,0,1
1278.0,1,0,1
1282.0,1,0,1
1283.0,1,0,1
1286.0,1,0,1
1287.0,1,0,1
1288.0,1,0,1
1290.0,1,0,1
1292.0,1,0,1
1295.0,1,0,1
1296.0,1,0,1
1297.0,1,0,1
1299.0,1,0,1
1303.0,1,0,1
1304.0,1,0,1
1306.0,1,0,1
1308.0,1,0,1
1309.0,1,0,1
1311.0,1,0,1
1314.0,1,0,1
1316.0,1,0,1
1318.0,2,0,2
1322.0,1,0,1
1325.0,1,0,1
1327.0,1,0,1
1330.0,1,0,1
1333.0,1,0,1
1334.0,1,0,1
1335.0,1,0,1
1337.0,1,0,1
1339.0,1,0,1
1341.0,1,0,1
1344.0,1,0,1
1346.0,1,0,1
1351.0,1,0,1
1354.0,1,0,1
1357.0,1,0,1
1358.0,1,0,1
1361.0,1,0,1
1362.0,1,0,1
1364.0,1,0,1
1366.0,1,0,1
1368.0,1,0,1
1370.0,1,0,1
1372.0,1,0,1
1374.0,1,0,1
1376.0,1,0,1
1378.0,1,0,1
1381.0,1,0,1
1383.0,1,0,1
1386.0,1,0,1
1387.0,1,0,1
1389.0,1,0,1
1391.0,1,0,1
1394.0,1,0,1
1397.0,1,0,1
1399.0,1,0,1
1402.0,1,0,1
1403.0,1,0,1
1405.0,1,0,1
1406.0,1,0,1
1407.0,1,0,1
1409.0,1,0,1
1410.0,1,0,1
1412.0,1,0,1
1416.0,1,0,1
1417.0,1,0,1
1419.0,1,0,1
1421.0,1,0,1
1423.0,1,0,1
1425.0,1,0,1
1427.0,1,0,1
1429.0,1,0,1
1430.0,1,0,1
1434.0,1,0,1
1435.0,2,0,2
1437.0,1,0,1
1440.0,1,0,1
1442.0,1,0,1
1445.0,1,0,1
1447.0,1,0,1
1448.0,1,0,1
1450.0,1,0,1
1453.0,1,0,1
1457.0,1,0,1
1458.0,1,0,1
1461.0,2,0,2
1464.0,1,0,1
1466.0,1,0,1
1468.0,1,0,1
1469.0,1,0,1
1472.0,1,0,1
1473.0,1,0,1
1476.0,1,0,1
1478.0,1,0,1
1480.0,1,0,1
1483.0,1,0,1
1486.0,1,0,1
1487.0,2,0,2
1489.0,1,0,1
1490.0,1,0,1
1492.0,1,0,1
1493.0,1,0,1
1495.0,1,0,1
1497.0,1,0,1
1499.0,1,0,1
1503.0,1,0,1
1505.0,1,0,1
1510.0,1,0,1
1513.0,1,0,1
1514.0,1,0,1
1515.0,1,0,1
1517.0,1,0,1
1522.0,1,0,1
1523.0,1,0,1
1525.0,1,0,1
1528.0,1,0,1
1530.0,1,0,1
1531.0,1,0,1
1535.0,1,0,1
1537.0,1,0,1
1539.0,1,0,1
1541.0,1,0,1
1542.0,1,0,1
1544.0,1,0,1
1545.0,1,0,1
1547.0,1,0,1
1551.0,1,0,1
1554.0,1,0,1
1558.0,1,0,1
1559.0,1,0,1
1561.0,1,0,1
1563.0,1,0,1
1565.0,1,0,1
1567.0,1,0,1
1569.0,1,0,1
1572.0,1,0,1
1573.0,1,0,1
1576.0,1,0,1
1579.0,1,0,1
1580.0,1,0,1
1582.0,1,0,1
1584.0,1,0,1
1587.0,1,0,1
1590.0,1,0,1
1592.0,1,0,1
1594.0,1,0,1
1596.0,1,0,1
1597.0,1,0,1
1599.0,1,0,1
1601.0,1,0,1
1602.0,1,0,1
1605.0,1,0,1
1608.0,1,0,1
1609.0,1,0,1
1611.0,1,0,1
1613.0,1,0,1
1614.0,2,0,2
1617.0,1,0,1
1619.0,1,0,1
1622.0,1,0,1
1623.0,1,0,1
1625.0,1,0,1
1626.0,1,0,1
1628.0,1,0,1
1629.0,1,0,1
1632.0,1,0,1
1634.0,1,0,1
1637.0,1,0,1
1639.0,1,0,1
1640.0,1,0,1
1642.0,1,0,1
1645.0,1,0,1
1648.0,1,0,1
1649.0,1,0,1
1652.0,1,0,1
1653.0,3,0,3
1658.0,1,0,1
1660.0,1,0,1
1665.0,2,0,2
1668.0,1,0,1
1672.0,1,0,1
1676.0,1,0,1
1677.0,1,0,1
1678.0,1,0,1
1681.0,1,0,1
1683.0,1,0,1
1685.0,1,0,1
1686.0,1,0,1
1689.0,1,0,1
1692.0,1,0,1
1693.0,1,0,1
1696.0,1,0,1
1697.0,1,0,1
1698.0,1,0,1
1700.0,1,0,1
1702.0,1,0,1
1704.0,1,0,1
1707.0,1,0,1
1709.0,1,0,1
1712.0,1,0,1
1716.0,1,0,1
1717.0,1,0,1
1720.0,1,0,1
1723.0,1,0,1
1724.0,1,0,1
1727.0,1,0,1
1729.0,1,0,1
1731.0,1,0,1
1732.0,1,0,1
1733.0,1,0,1
1734.0,1,0,1
1737.0,1,0,1
1738.0,1,0,1
1739.0,1,0,1
1743.0,1,0,1
1745.0,1,0,1
1746.0,1,0,1
1752.0,1,0,1
1754.0,1,0,1
1755.0,1,0,1
1758.0,1,0,1
1760.0,1,0,1
1763.0,1,0,1
1764.0,1,0,1
1767.0,1,0,1
1768.0,1,0,1
1769.0,1,0,1
1771.0,1,0,1
1773.0,1,0,1
1775.0,1,0,1
1777.0,1,0,1
1779.0,1,0,1
1781.0,1,0,1
1785.0,1,0,1
1786.0,1,0,1
1787.0,1,0,1
1789.0,1,0,1
1792.0,1,0,1
1793.0,1,0,1
1794.0,1,0,1
1795.0,1,0,1
1799.0,1,0,1
1801.0,1,0,1
1804.0,1,0,1
1805.0,1,0,1
1807.0,1,0,1
1809.0,1,0,1
1811.0,1,0,1
1812.0,1,0,1
1817.0,1,0,1
1818.0,1,0,1
1820.0,1,0,1
1821.0,1,0,1
1823.0,1,0,1
1825.0,1,0,1
1829.0,1,0,1
1832.0,1,0,1
1836.0,1,0,1
1838.0,1,0,1
1840.0,1,0,1
1842.0,1,0,1
1844.0,1,0,1
1846.0,1,0,1
1848.0,1,0,1
1852.0,1,0,1
1853.0,1,0,1
1856.0,1,0,1
1857.0,1,0,1
1860.0,1,0,1
1861.0,1,0,1
1862.0,1,0,1
1863.0,1,0,1
1866.0,1,0,1
1868.0,1,0,1
1876.0,1,0,1
1878.0,1,0,1
1880.0,1,0,1
1883.0,1,0,1
1886.0,1,0,1
1887.0,1,0,1
1889.0,1,0,1
1891.0,1,0,1
1894.0,1,0,1
1895.0,1,0,1
1898.0,1,0,1
1899.0,1,0,1
1901.0,1,0,1
1903.0,1,0,1
1905.0,1,0,1
1906.0,1,0,1
1908.0,1,0,1
1910.0,1,0,1
1913.0,1,0,1
1916.0,2,0,2
1917.0,1,0,1
1919.0,2,0,2
1921.0,1,0,1
1923.0,1,0,1
1925.0,2,0,2
1929.0,1,0,1
1930.0,1,0,1
1933.0,1,0,1
1935.0,1,0,1
1937.0,1,0,1
1940.0,1,0,1
1941.0,1,0,1
1943.0,1,0,1
1944.0,1,0,1
1945.0,1,0,1
1948.0,1,0,1
1949.0,1,0,1
1951.0,1,0,1
1953.0,1,0,1
1954.0,3,0,3
1955.0,1,0,1
1957.0,1,0,1
1959.0,2,0,2
1961.0,1,0,1
1964.0,1,0,1
1970.0,1,0,1
1973.0,1,0,1
1974.0,1,0,1
1977.0,1,0,1
1978.0,1,0,1
1981.0,1,0,1
1983.0,1,0,1
1986.0,1,0,1
1987.0,1,0,1
1988.0,1,0,1
1991.0,1,0,1
1992.0,1,0,1
1994.0,1,0,1
1995.0,1,0,1
1998.0,1,0,1
2000.0,1,0,1
2002.0,1,0,1
2003.0,1,0,1
2004.0,1,0,1
2007.0,1,0,1
2010.0,1,0,1
2012.0,1,0,1
2014.0,1,0,1
2015.0,1,0,1
2016.0,2,0,2
2019.0,1,0,1
2020.0,1,0,1
2023.0,1,0,1
2024.0,1,0,1
2026.0,1,0,1
2027.0,1,0,1
2029.0,1,0,1
2030.0,1,0,1
2032.0,1,0,1
2035.0,1,0,1
2036.0,1,0,1
2039.0,1,0,1
2041.0,1,0,1
2043.0,1,0,1
2044.0,1,0,1
2049.0,1,0,1
2053.0,1,0,1
2055.0,1,0,1
2056.0,1,0,1
2060.0,1,0,1
2062.0,1,0,1
2064.0,1,0,1
2066.0,1,0,1
2067.0,1,0,1
2069.0,1,0,1
2071.0,1,0,1
2073.0,1,0,1
2074.0,1,0,1
2077.0,1,0,1
2080.0,1,0,1
2081.0,1,0,1
2084.0,1,0,1
2087.0,1,0,1
2091.0,2,0,2
2092.0,1,0,1
2094.0,1,0,1
2095.0,1,0,1
2097.0,1,0,1
2098.0,1,0,1
2100.0,1,0,1
2104.0,1,0,1
2106.0,1,0,1
2108.0,1,0,1
2110.0,1,0,1
2112.0,1,0,1
2113.0,1,0,1
2116.0,1,0,1
2118.0,1,0,1
2120.0,1,0,1
2123.0,1,0,1
2125.0,1,0,1
2129.0,1,0,1
2131.0,1,0,1
2134.0,1,0,1
2135.0,1,0,1
2137.0,1,0,1
2142.0,1,0,1
2144.0,1,0,1
2146.0,2,0,2
2148.0,1,0,1
2150.0,1,0,1
2151.0,1,0,1
2154.0,1,0,1
2155.0,1,0,1
2158.0,1,0,1
2161.0,1,0,1
2164.0,1,0,1
2169.0,1,0,1
2171.0,1,0,1
2173.0,1,0,1
2175.0,2,0,2
2176.0,1,0,1
2179.0,1,0,1
2180.0,1,0,1
2183.0,1,0,1
2184.0,1,0,1
2186.0,1,0,1
2187.0,1,0,1
2190.0,1,0,1
2191.0,1,0,1
2194.0,1,0,1
2196.0,1,0,1
2197.0,1,0,1
2201.0,1,0,1
2202.0,1,0,1
2205.0,1,0,1
2207.0,1,0,1
2209.0,2,0,2
2211.0,1,0,1
2213.0,2,0,2
2214.0,1,0,1
2217.0,1,0,1
2218.0,1,0,1
2224.0,1,0,1
2225.0,1,0,1
2226.0,1,0,1
2227.0,1,0,1
2229.0,1,0,1
2230.0,1,0,1
2233.0,1,0,1
2234.0,1,0,1
2235.0,1,0,1
2238.0,1,0,1
2240.0,1,0,1
2241.0,1,0,1
2242.0,1,0,1
2244.0,1,0,1
2246.0,1,0,1
2248.0,1,0,1
2249.0,1,0,1
2251.0,1,0,1
2253.0,1,0,1
2255.0,1,0,1
2256.0,1,0,1
2257.0,1,0,1
2258.0,2,0,2
2260.0,1,0,1
2262.0,1,0,1
2263.0,1,0,1
2265.0,1,0,1
2267.0,1,0,1
2269.0,1,0,1
2270.0,1,0,1
2273.0,1,0,1
2274.0,1,0,1
2275.0,1,0,1
2278.0,1,0,1
2280.0,1,0,1
2282.0,1,0,1
2286.0,1,0,1
2287.0,1,0,1
2290.0,1,0,1
2291.0,1,0,1
2292.0,1,0,1
2295.0,1,0,1
2296.0,1,0,1
2300.0,1,0,1
2301.0,1,0,1
2302.0,1,0,1
2304.0,1,0,1
2305.0,1,0,1
2307.0,1,0,1
2309.0,1,0,1
2314.0,1,0,1
2315.0,1,0,1
2318.0,1,0,1
2319.0,2,0,2
2322.0,1,0,1
2323.0,1,0,1
2325.0,1,0,1
2326.0,1,0,1
2328.0,1,0,1
2332.0,1,0,1
2335.0,1,0,1
2337.0,1,0,1
2339.0,1,0,1
2340.0,1,0,1
2342.0,1,0,1
2344.0,1,0,1
2348.0,1,0,1
2350.0,2,0,2
2352.0,1,0,1
2353.0,1,0,1
2355.0,1,0,1
2356.0,1,0,1
2358.0,1,0,1
2360.0,1,0,1
2365.0,1,0,1
2367.0,1,0,1
2370.0,1,0,1
2372.0,1,0,1
2373.0,1,0,1
2378.0,1,0,1
2379.0,1,0,1
2382.0,1,0,1
2385.0,1,0,1
2386.0,1,0,1
2389.0,1,0,1
2390.0,1,0,1
2393.0,1,0,1
2395.0,1,0,1
2396.0,1,0,1
2399.0,1,0,1
2401.0,1,0,1
2402.0,1,0,1
2404.0,2,0,2
2405.0,1,0,1
2408.0,1,0,1
2409.0,1,0,1
2410.0,1,0,1
2413.0,1,0,1
2415.0,1,0,1
2418.0,1,0,1
2419.0,1,0,1
2422.0,2,0,2
2424.0,1,0,1
2426.0,1,0,1
2427.0,1,0,1
2428.0,1,0,1
2430.0,1,0,1
2432.0,1,0,1
2435.0,1,0,1
2436.0,1,0,1
2439.0,1,0,1
2440.0,1,0,1
2442.0,1,0,1
2444.0,1,0,1
2445.0,1,0,1
2447.0,1,0,1
2450.0,1,0,1
2452.0,2,0,2
2454.0,1,0,1
2456.0,1,0,1
2458.0,1,0,1
2459.0,1,0,1
2461.0,1,0,1
2462.0,1,0,1
2464.0,1,0,1
2466.0,1,0,1
2468.0,1,0,1
2472.0,2,0,2
2475.0,1,0,1
2476.0,1,0,1
2479.0,1,0,1
2481.0,1,0,1
2483.0,1,0,1
2485.0,1,0,1
2487.0,1,0,1
2491.0,1,0,1
2494.0,1,0,1
2496.0,1,0,1
2499.0,1,0,1
2502.0,1,0,1
2503.0,1,0,1
2505.0,1,0,1
2507.0,1,0,1
2508.0,1,0,1
2512.0,2,0,2
2514.0,1,0,1
2517.0,1,0,1
2518.0,2,0,2
2523.0,1,0,1
2525.0,1,0,1
2526.0,1,0,1
2528.0,1,0,1
2530.0,1,0,1
2531.0,1,0,1
2533.0,1,0,1
2535.0,1,0,1
2537.0,1,0,1
2539.0,1,0,1
2541.0,1,0,1
2544.0,1,0,1
2546.0,1,0,1
2548.0,1,0,1
2550.0,1,0,1
2555.0,1,0,1
2556.0,1,0,1
2559.0,1,0,1
2560.0,1,0,1
2561.0,1,0,1
2563.0,1,0,1
2566.0,1,0,1
2568.0,1,0,1
2571.0,2,0,2
2574.0,1,0,1
2576.0,1,0,1
2579.0,1,0,1
2581.0,1,0,1
2583.0,1,0,1
2585.0,1,0,1
2587.0,1,0,1
2588.0,1,0,1
2590.0,1,0,1
2591.0,1,0,1
2593.0,1,0,1
2594.0,1,0,1
2595.0,1,0,1
2597.0,1,0,1
2604.0,1,0,1
2608.0,1,0,1
2609.0,1,0,1
2612.0,1,0,1
2613.0,1,0,1
2616.0,1,0,1
2618.0,1,0,1
2619.0,1,0,1
2621.0,1,0,1
2625.0,1,0,1
2626.0,1,0,1
2630.0,1,0,1
2631.0,1,0,1
2634.0,1,0,1
2635.0,1,0,1
2637.0,1,0,1
2638.0,1,0,1
2641.0,1,0,1
2642.0,1,0,1
2644.0,1,0,1
2646.0,1,0,1
2648.0,1,0,1
2650.0,1,0,1
2652.0,1,0,1
2655.0,1,0,1
2659.0,1,0,1
2661.0,1,0,1
2663.0,2,0,2
2665.0,1,0,1
2667.0,1,0,1
2671.0,1,0,1
2674.0,1,0,1
2675.0,1,0,1
2678.0,1,0,1
2679.0,1,0,1
2682.0,1,0,1
2683.0,1,0,1
2685.0,1,0,1
2686.0,1,0,1
2691.0,1,0,1
2692.0,1,0,1
2693.0,1,0,1
2697.0,1,0,1
2699.0,1,0,1
2701.0,1,0,1
2702.0,1,0,1
2705.0,1,0,1
2707.0,1,0,1
2709.0,1,0,1
2712.0,1,0,1
2713.0,1,0,1
2715.0,1,0,1
2717.0,1,0,1
2719.0,1,0,1
2721.0,1,0,1
2722.0,1,0,1
2724.0,1,0,1
2726.0,1,0,1
2728.0,1,0,1
2731.0,1,0,1
2732.0,1,0,1
2735.0,1,0,1
2736.0,1,0,1
2739.0,1,0,1
2740.0,1,0,1
2742.0,1,0,1
2744.0,1,0,1
2746.0,2,0,2
2748.0,1,0,1
2750.0,1,0,1
2753.0,1,0,1
2754.0,1,0,1
2758.0,1,0,1
2759.0,1,0,1
2763.0,1,0,1
2764.0,1,0,1
2765.0,1,0,1
2767.0,1,0,1
2769.0,1,0,1
2770.0,1,0,1
2771.0,1,0,1
2774.0,1,0,1
2778.0,1,0,1
2780.0,1,0,1
2782.0,1,0,1
2784.0,1,0,1
2787.0,1,0,1
2790.0,1,0,1
2793.0,1,0,1
2795.0,1,0,1
2797.0,1,0,1
2799.0,1,0,1
2800.0,1,0,1
2803.0,1,0,1
2804.0,1,0,1
2806.0,1,0,1
2809.0,1,0,1
2812.0,1,0,1
2815.0,1,0,1
2816.0,1,0,1
2819.0,1,0,1
2820.0,1,0,1
2823.0,1,0,1
2824.0,1,0,1
2827.0,1,0,1
2828.0,1,0,1
2831.0,1,0,1
2832.0,1,0,1
2835.0,1,0,1
2836.0,1,0,1
2838.0,1,0,1
2839.0,1,0,1
2842.0,1,0,1
2843.0,2,0,2
2844.0,1,0,1
2845.0,1,0,1
2847.0,1,0,1
2848.0,1,0,1
2851.0,1,0,1
2853.0,1,0,1
2858.0,1,0,1
2859.0,1,0,1
2862.0,1,0,1
2865.0,1,0,1
2866.0,1,0,1
2867.0,1,0,1
2871.0,1,0,1
2873.0,1,0,1
2874.0,1,0,1
2878.0,1,0,1
2879.0,1,0,1
2882.0,1,0,1
2883.0,1,0,1
2885.0,1,0,1
2887.0,1,0,1
2890.0,1,0,1
2891.0,1,0,1
2894.0,1,0,1
2895.0,1,0,1
2898.0,1,0,1
2899.0,1,0,1
2901.0,1,0,1
2905.0,1,0,1
2907.0,1,0,1
2909.0,1,0,1
2911.0,1,0,1
2913.0,1,0,1
2914.0,1,0,1
2916.0,1,0,1
2918.0,1,0,1
2920.0,1,0,1
2922.0,2,0,2
2924.0,1,0,1
2927.0,1,0,1
2928.0,1,0,1
2933.0,1,0,1
2934.0,1,0,1
2937.0,1,0,1
2939.0,1,0,1
2940.0,1,0,1
2942.0,1,0,1
2943.0,1,0,1
2945.0,1,0,1
2948.0,1,0,1
2949.0,1,0,1
2951.0,1,0,1
2952.0,1,0,1
2955.0,2,0,2
2956.0,1,0,1
2959.0,1,0,1
2960.0,1,0,1
2963.0,1,0,1
2964.0,1,0,1
2966.0,1,0,1
2967.0,1,0,1
2971.0,1,0,1
2974.0,1,0,1
2975.0,1,0,1
2977.0,1,0,1
2979.0,1,0,1
2980.0,1,0,1
2983.0,1,0,1
2984.0,1,0,1
2987.0,1,0,1
2988.0,1,0,1
2994.0,1,0,1
2997.0,1,0,1
2998.0,1,0,1
3000.0,1,0,1
3002.0,1,0,1
3003.0,1,0,1
3004.0,1,0,1
3007.0,2,0,2
3008.0,1,0,1
3011.0,1,0,1
3013.0,1,0,1
3014.0,1,0,1
3017.0,1,0,1
3018.0,1,0,1
3020.0,1,0,1
3023.0,1,0,1
3024.0,1,0,1
3025.0,1,0,1
3027.0,1,0,1
3030.0,1,0,1
3033.0,1,0,1
3034.0,1,0,1
3035.0,1,0,1
3036.0,1,0,1
3040.0,1,0,1
3041.0,1,0,1
3043.0,1,0,1
3048.0,1,0,1
3052.0,1,0,1
3054.0,1,0,1
3057.0,1,0,1
3059.0,1,0,1
3061.0,1,0,1
3064.0,1,0,1
3067.0,1,0,1
3068.0,1,0,1
3071.0,1,0,1
3073.0,1,0,1
3075.0,1,0,1
3077.0,1,0,1
3079.0,1,0,1
3080.0,2,0,2
3082.0,1,0,1
3084.0,1,0,1
3086.0,1,0,1
3088.0,1,0,1
3089.0,1,0,1
3092.0,1,0,1
3093.0,1,0,1
3095.0,1,0,1
3098.0,1,0,1
3100.0,1,0,1
3101.0,1,0,1
3102.0,1,0,1
3103.0,1,0,1
3105.0,1,0,1
3106.0,1,0,1
3110.0,1,0,1
3112.0,1,0,1
3113.0,1,0,1
3115.0,1,0,1
3117.0,1,0,1
3120.0,2,0,2
3122.0,1,0,1
3124.0,1,0,1
3127.0,1,0,1
3128.0,1,0,1
3130.0,1,0,1
3134.0,1,0,1
3136.0,1,0,1
3138.0,1,0,1
3139.0,1,0,1
3142.0,1,0,1
3145.0,1,0,1
3149.0,1,0,1
3153.0,1,0,1
3155.0,1,0,1
3156.0,1,0,1
3158.0,1,0,1
3159.0,1,0,1
3162.0,1,0,1
3164.0,1,0,1
3166.0,1,0,1
3167.0,1,0,1
3170.0,1,0,1
3171.0,1,0,1
3174.0,1,0,1
3176.0,1,0,1
3178.0,1,0,1
3180.0,1,0,1
3182.0,1,0,1
3184.0,1,0,1
3186.0,1,0,1
3187.0,1,0,1
3189.0,1,0,1
3191.0,1,0,1
3193.0,1,0,1
3195.0,1,0,1
3196.0,1,0,1
3199.0,1,0,1
3200.0,1,0,1
3201.0,1,0,1
3204.0,1,0,1
3206.0,1,0,1
3208.0,1,0,1
3210.0,1,0,1
3212.0,1,0,1
3213.0,1,0,1
3216.0,1,0,1
3217.0,1,0,1
3218.0,1,0,1
3219.0,1,0,1
3222.0,1,0,1
3223.0,1,0,1
3230.0,1,0,1
3233.0,1,0,1
3237.0,1,0,1
3239.0,1,0,1
3241.0,1,0,1
3243.0,1,0,1
3245.0,1,0,1
3246.0,1,0,1
3248.0,1,0,1
3250.0,1,0,1
3253.0,1,0,1
3254.0,1,0,1
3257.0,1,0,1
3258.0,1,0,1
3260.0,1,0,1
3262.0,1,0,1
3265.0,1,0,1
3268.0,1,0,1
3270.0,2,0,2
3273.0,1,0,1
3274.0,1,0,1
3277.0,1,0,1
3278.0,1,0,1
3281.0,1,0,1
3283.0,1,0,1
3285.0,1,0,1
3288.0,1,0,1
3289.0,1,0,1
3293.0,1,0,1
3295.0,1,0,1
3297.0,2,0,2
3298.0,1,0,1
3299.0,3,0,3
3302.0,1,0,1
3305.0,1,0,1
3308.0,1,0,1
3311.0,1,0,1
3312.0,1,0,1
3314.0,1,0,1
3317.0,1,0,1
3320.0,1,0,1
3322.0,1,0,1
3324.0,1,0,1
3325.0,1,0,1
3328.0,1,0,1
3329.0,1,0,1
3332.0,1,0,1
3333.0,1,0,1
3335.0,1,0,1
3337.0,2,0,2
3340.0,1,0,1
3343.0,1,0,1
3346.0,1,0,1
3347.0,1,0,1
3349.0,1,0,1
3353.0,2,0,2
3355.0,2,0,2
3357.0,1,0,1
3358.0,1,0,1
3361.0,1,0,1
3365.0,1,0,1
3366.0,1,0,1
3369.0,1,0,1
3370.0,1,0,1
3373.0,1,0,1
3374.0,1,0,1
3377.0,1,0,1
3378.0,1,0,1
3379.0,1,0,1
3381.0,1,0,1
3382.0,1,0,1
3385.0,1,0,1
3386.0,1,0,1
3389.0,1,0,1
3391.0,1,0,1
3395.0,1,0,1
3398.0,1,0,1
3402.0,1,0,1
3405.0,1,0,1
3409.0,1,0,1
3412.0,2,0,2
3416.0,1,0,1
3418.0,1,0,1
3420.0,1,0,1
3422.0,1,0,1
3424.0,1,0,1
3427.0,1,0,1
3428.0,1,0,1
3429.0,1,0,1
3432.0,1,0,1
3434.0,1,0,1
3437.0,1,0,1
3438.0,1,0,1
3439.0,1,0,1
3441.0,1,0,1
3443.0,1,0,1
3445.0,1,0,1
3446.0,1,0,1
3447.0,1,0,1
3449.0,1,0,1
3451.0,1,0,1
3453.0,1,0,1
3455.0,1,0,1
3456.0,1,0,1
3459.0,1,0,1
3462.0,1,0,1
3465.0,1,0,1
3466.0,1,0,1
3471.0,1,0,1
3474.0,1,0,1
3477.0,1,0,1
3480.0,1,0,1
3481.0,1,0,1
3486.0,1,0,1
3488.0,1,0,1
3490.0,1,0,1
3493.0,2,0,2
3494.0,1,0,1
3495.0,1,0,1
3499.0,1,0,1
3502.0,1,0,1
3505.0,1,0,1
3508.0,1,0,1
3509.0,1,0,1
3511.0,1,0,1
3514.0,1,0,1
3520.0,1,0,1
3523.0,1,0,1
3526.0,1,0,1
3527.0,1,0,1
3529.0,1,0,1
3530.0,1,0,1
3531.0,1,0,1
3533.0,1,0,1
3534.0,1,0,1
3536.0,1,0,1
3538.0,1,0,1
3539.0,1,0,1
3541.0,1,0,1
3543.0,1,0,1
3547.0,1,0,1
3549.0,1,0,1
3551.0,2,0,2
3554.0,1,0,1
3555.0,1,0,1
3556.0,1,0,1
3558.0,1,0,1
3561.0,1,0,1
3563.0,1,0,1
3566.0,1,0,1
3571.0,1,0,1
3572.0,1,0,1
3574.0,1,0,1
3575.0,1,0,1
3576.0,1,0,1
3579.0,1,0,1
3580.0,1,0,1
3582.0,1,0,1
3583.0,1,0,1
3585.0,1,0,1
3587.0,1,0,1
3589.0,1,0,1
3591.0,1,0,1
3593.0,1,0,1
3596.0,1,0,1
3597.0,1,0,1
3598.0,1,0,1
3601.0,2,0,2
3602.0,1,0,1
3605.0,1,0,1
3607.0,1,0,1
3608.0,1,0,1
3609.0,1,0,1
3611.0,1,0,1
3614.0,1,0,1
3617.0,1,0,1
3619.0,1,0,1
3621.0,1,0,1
3624.0,1,0,1
3626.0,1,0,1
3628.0,1,0,1
3631.0,1,0,1
3633.0,1,0,1
3634.0,1,0,1
3635.0,1,0,1
3637.0,2,0,2
3640.0,1,0,1
3641.0,1,0,1
3643.0,1,0,1
3645.0,1,0,1
3647.0,1,0,1
3649.0,1,0,1
3652.0,1,0,1
3655.0,1,0,1
3657.0,1,0,1
3659.0,1,0,1
3661.0,1,0,1
3663.0,1,0,1
3665.0,1,0,1
3666.0,1,0,1
3671.0,1,0,1
3673.0,1,0,1
3675.0,1,0,1
3677.0,1,0,1
3679.0,1,0,1
3683.0,1,0,1
3686.0,1,0,1
3689.0,1,0,1
3691.0,1,0,1
3692.0,1,0,1
3694.0,1,0,1
3696.0,1,0,1
3700.0,1,0,1
3704.0,1,0,1
3707.0,1,0,1
3710.0,1,0,1
3713.0,1,0,1
3714.0,1,0,1
3716.0,1,0,1
3718.0,1,0,1
3720.0,1,0,1
3721.0,1,0,1
3723.0,1,0,1
3724.0,1,0,1
3726.0,1,0,1
3728.0,1,0,1
3730.0,1,0,1
3732.0,1,0,1
3735.0,2,0,2
3738.0,1,0,1
3742.0,1,0,1
3743.0,1,0,1
3745.0,1,0,1
3747.0,1,0,1
3749.0,1,0,1
3751.0,1,0,1
3754.0,1,0,1
3756.0,1,0,1
3760.0,1,0,1
3761.0,1,0,1
3763.0,1,0,1
3764.0,1,0,1
3766.0,1,0,1
3769.0,1,0,1
3770.0,1,0,1
3772.0,1,0,1
3773.0,1,0,1
3775.0,1,0,1
3778.0,1,0,1
3781.0,1,0,1
3783.0,1,0,1
3784.0,1,0,1
3787.0,1,0,1
3788.0,1,0,1
3791.0,1,0,1
3793.0,1,0,1
3794.0,1,0,1
3797.0,1,0,1
3804.0,1,0,1
3806.0,1,0,1
3808.0,1,0,1
3809.0,1,0,1
3813.0,1,0,1
3814.0,1,0,1
3819.0,1,0,1
3820.0,1,0,1
3821.0,1,0,1
3823.0,1,0,1
3825.0,1,0,1
3826.0,1,0,1
3827.0,1,0,1
3829.0,1,0,1
3831.0,1,0,1
3832.0,1,0,1
3834.0,1,0,1
3836.0,1,0,1
3838.0,1,0,1
3841.0,1,0,1
3845.0,1,0,1
3848.0,1,0,1
3849.0,1,0,1
3853.0,1,0,1
3856.0,1,0,1
3857.0,1,0,1
3860.0,1,0,1
3861.0,1,0,1
3863.0,1,0,1
3866.0,1,0,1
3868.0,1,0,1
3869.0,1,0,1
3871.0,1,0,1
3872.0,1,0,1
3875.0,1,0,1
3877.0,1,0,1
3879.0,1,0,1
3881.0,1,0,1
3882.0,1,0,1
3883.0,1,0,1
3885.0,1,0,1
3886.0,1,0,1
3888.0,1,0,1
3891.0,1,0,1
3896.0,1,0,1
3898.0,1,0,1
3900.0,1,0,1
3902.0,1,0,1
3905.0,1,0,1
3906.0,1,0,1
3908.0,1,0,1
3910.0,1,0,1
3912.0,1,0,1
3916.0,1,0,1
3917.0,1,0,1
3920.0,1,0,1
3921.0,1,0,1
3924.0,1,0,1
3925.0,1,0,1
3927.0,1,0,1
3929.0,1,0,1
3931.0,1,0,1
3932.0,1,0,1
3934.0,1,0,1
3936.0,1,0,1
3941.0,1,0,1
3942.0,1,0,1
3945.0,1,0,1
3947.0,1,0,1
3949.0,1,0,1
3950.0,1,0,1
3953.0,1,0,1
3955.0,1,0,1
3957.0,2,0,2
3959.0,1,0,1
3961.0,1,0,1
3962.0,1,0,1
3965.0,1,0,1
3968.0,1,0,1
3969.0,1,0,1
3974.0,1,0,1
3975.0,1,0,1
3978.0,1,0,1
3979.0,1,0,1
3980.0,1,0,1
3985.0,1,0,1
3988.0,1,0,1
3992.0,1,0,1
3994.0,1,0,1
3996.0,1,0,1
3999.0,1,0,1
4001.0,1,0,1
4003.0,1,0,1
4005.0,1,0,1
4007.0,1,0,1
4008.0,1,0,1
4010.0,1,0,1
4011.0,1,0,1
4014.0,1,0,1
4015.0,1,0,1
4019.0,1,0,1
4020.0,1,0,1
4023.0,1,0,1
4025.0,1,0,1
4027.0,1,0,1
4030.0,1,0,1
4031.0,1,0,1
4034.0,1,0,1
4035.0,1,0,1
4038.0,1,0,1
4040.0,1,0,1
4041.0,1,0,1
4043.0,1,0,1
4044.0,1,0,1
4046.0,1,0,1
4047.0,1,0,1
4050.0,1,0,1
4053.0,2,0,2
4055.0,1,0,1
4056.0,1,0,1
4057.0,1,0,1
4059.0,1,0,1
4060.0,1,0,1
4064.0,1,0,1
4067.0,1,0,1
4069.0,1,0,1
4071.0,1,0,1
4073.0,1,0,1
4075.0,1,0,1
4078.0,1,0,1
4079.0,1,0,1
4080.0,1,0,1
4082.0,1,0,1
4086.0,1,0,1
4088.0,1,0,1
4090.0,1,0,1
4091.0,1,0,1
4095.0,1,0,1
4097.0,1,0,1
4099.0,1,0,1
4101.0,1,0,1
4103.0,1,0,1
4107.0,1,0,1
4109.0,1,0,1
4112.0,1,0,1
4114.0,1,0,1
4115.0,1,0,1
4117.0,1,0,1
4118.0,1,0,1
4121.0,1,0,1
4122.0,1,0,1
4125.0,1,0,1
4127.0,1,0,1
4128.0,1,0,1
4130.0,1,0,1
4131.0,1,0,1
4132.0,1,0,1
4135.0,1,0,1
4136.0,1,0,1
4139.0,1,0,1
4140.0,1,0,1
4143.0,1,0,1
4145.0,1,0,1
4146.0,1,0,1
4148.0,1,0,1
4151.0,1,0,1
4153.0,1,0,1
4155.0,1,0,1
4156.0,1,0,1
4158.0,1,0,1
4160.0,1,0,1
4161.0,1,0,1
4163.0,1,0,1
4165.0,1,0,1
4169.0,1,0,1
4171.0,1,0,1
4173.0,1,0,1
4174.0,1,0,1
4180.0,2,0,2
4181.0,1,0,1
4182.0,1,0,1
4186.0,1,0,1
4187.0,1,0,1
4190.0,1,0,1
4192.0,2,0,2
4194.0,1,0,1
4197.0,1,0,1
4198.0,1,0,1
4199.0,1,0,1
4201.0,2,0,2
4204.0,1,0,1
4207.0,1,0,1
4209.0,1,0,1
4212.0,1,0,1
4217.0,1,0,1
4220.0,1,0,1
4222.0,1,0,1
4224.0,1,0,1
4226.0,1,0,1
4228.0,1,0,1
4230.0,1,0,1
4234.0,1,0,1
4236.0,1,0,1
4239.0,1,0,1
4241.0,1,0,1
4245.0,1,0,1
4248.0,1,0,1
4249.0,1,0,1
4250.0,1,0,1
4252.0,1,0,1
4254.0,1,0,1
4256.0,1,0,1
4257.0,1,0,1
4259.0,1,0,1
4261.0,1,0,1
4266.0,1,0,1
4268.0,1,0,1
4270.0,1,0,1
4271.0,1,0,1
4274.0,1,0,1
4277.0,1,0,1
4279.0,1,0,1
4280.0,1,0,1
4284.0,1,0,1
4287.0,1,0,1
4289.0,2,0,2
4290.0,1,0,1
4295.0,1,0,1
4298.0,1,0,1
4300.0,1,0,1
4302.0,1,0,1
4303.0,1,0,1
4307.0,1,0,1
4308.0,1,0,1
4311.0,1,0,1
4313.0,1,0,1
4316.0,1,0,1
4318.0,1,0,1
4319.0,1,0,1
4323.0,1,0,1
4324.0,2,0,2
4326.0,1,0,1
4328.0,1,0,1
4329.0,1,0,1
4332.0,2,0,2
4333.0,1,0,1
4336.0,1,0,1
4339.0,1,0,1
4340.0,1,0,1
4343.0,1,0,1
4344.0,1,0,1
4347.0,1,0,1
4349.0,1,0,1
4352.0,1,0,1
4353.0,1,0,1
4357.0,1,0,1
4360.0,1,0,1
4361.0,1,0,1
4363.0,1,0,1
4366.0,1,0,1
4370.0,1,0,1
4372.0,1,0,1
4375.0,1,0,1
4379.0,1,0,1
4380.0,1,0,1
4383.0,1,0,1
4384.0,1,0,1
4387.0,1,0,1
4388.0,1,0,1
4391.0,1,0,1
4392.0,1,0,1
4393.0,1,0,1
4395.0,1,0,1
4398.0,1,0,1
4400.0,1,0,1
4401.0,1,0,1
4404.0,1,0,1
4405.0,1,0,1
4408.0,1,0,1
4409.0,1,0,1
4410.0,1,0,1
4412.0,1,0,1
4414.0,1,0,1
4415.0,1,0,1
4419.0,1,0,1
4421.0,1,0,1
4422.0,1,0,1
4425.0,1,0,1
4426.0,1,0,1
4429.0,1,0,1
4432.0,1,0,1
4433.0,1,0,1
4437.0,1,0,1
4438.0,1,0,1
4440.0,1,0,1
4442.0,2,0,2
4444.0,1,0,1
4445.0,1,0,1
4447.0,1,0,1
4448.0,1,0,1
4451.0,1,0,1
4452.0,1,0,1
4454.0,1,0,1
4456.0,1,0,1
4457.0,1,0,1
4458.0,1,0,1
4460.0,1,0,1
4461.0,2,0,2
4465.0,1,0,1
4467.0,1,0,1
4469.0,1,0,1
4471.0,1,0,1
4473.0,1,0,1
4476.0,1,0,1
4478.0,1,0,1
4479.0,1,0,1
4481.0,1,0,1
4483.0,2,0,2
4485.0,2,0,2
4487.0,2,0,2
4488.0,1,0,1
4491.0,1,0,1
4493.0,1,0,1
4495.0,1,0,1
4496.0,1,0,1
4499.0,2,0,2
4501.0,1,0,1
4503.0,1,0,1
4505.0,1,0,1
4507.0,1,0,1
4510.0,1,0,1
4512.0,1,0,1
4514.0,1,0,1
4515.0,1,0,1
4518.0,1,0,1
4519.0,1,0,1
4520.0,1,0,1
4523.0,1,0,1
4524.0,1,0,1
4527.0,1,0,1
4529.0,1,0,1
4531.0,1,0,1
4533.0,2,0,2
4535.0,1,0,1
4537.0,1,0,1
4539.0,1,0,1
4541.0,1,0,1
4544.0,1,0,1
4545.0,1,0,1
4549.0,1,0,1
4550.0,1,0,1
4552.0,1,0,1
4553.0,1,0,1
4556.0,1,0,1
4558.0,1,0,1
4559.0,1,0,1
4561.0,1,0,1
4562.0,1,0,1
4564.0,1,0,1
4566.0,1,0,1
4569.0,1,0,1
4570.0,1,0,1
4573.0,1,0,1
4576.0,1,0,1
4578.0,1,0,1
4580.0,1,0,1
4581.0,1,0,1
4585.0,2,0,2
4586.0,1,0,1
4588.0,1,0,1
4590.0,1,0,1
4593.0,1,0,1
4594.0,1,0,1
4596.0,1,0,1
4597.0,1,0,1
4601.0,1,0,1
4602.0,1,0,1
4604.0,1,0,1
4607.0,1,0,1
4608.0,1,0,1
4610.0,1,0,1
4611.0,1,0,1
4614.0,1,0,1
4616.0,1,0,1
4618.0,2,0,2
4621.0,2,0,2
4622.0,1,0,1
4624.0,1,0,1
4625.0,1,0,1
4627.0,1,0,1
4628.0,1,0,1
4630.0,1,0,1
4631.0,2,0,2
4633.0,1,0,1
4635.0,2,0,2
4637.0,1,0,1
4639.0,1,0,1
4641.0,1,0,1
4643.0,1,0,1
4648.0,1,0,1
4651.0,1,0,1
4652.0,1,0,1
4655.0,1,0,1
4656.0,1,0,1
4658.0,1,0,1
4660.0,1,0,1
4662.0,1,0,1
4664.0,1,0,1
4665.0,2,0,2
4667.0,1,0,1
4670.0,1,0,1
4671.0,1,0,1
4674.0,2,0,2
4677.0,1,0,1
4680.0,1,0,1
4681.0,1,0,1
4685.0,1,0,1
4686.0,1,0,1
4693.0,1,0,1
4696.0,1,0,1
4698.0,1,0,1
4701.0,1,0,1
4703.0,1,0,1
4705.0,1,0,1
4710.0,1,0,1
4713.0,1,0,1
4716.0,1,0,1
4717.0,1,0,1
4721.0,1,0,1
4725.0,1,0,1
4729.0,1,0,1
4730.0,1,0,1
4731.0,1,0,1
4733.0,1,0,1
4734.0,1,0,1
4737.0,1,0,1
4738.0,2,0,2
4740.0,1,0,1
4741.0,1,0,1
4743.0,1,0,1
4746.0,1,0,1
4748.0,1,0,1
4750.0,1,0,1
4751.0,1,0,1
4754.0,1,0,1
4755.0,1,0,1
4758.0,1,0,1
4761.0,1,0,1
4762.0,1,0,1
4765.0,1,0,1
4766.0,1,0,1
4769.0,1,0,1
4770.0,2,0,2
4772.0,1,0,1
4774.0,1,0,1
4776.0,1,0,1
4778.0,1,0,1
4780.0,1,0,1
4784.0,1,0,1
4785.0,1,0,1
4787.0,1,0,1
4789.0,1,0,1
4792.0,1,0,1
4793.0,1,0,1
4794.0,1,0,1
4797.0,1,0,1
4798.0,1,0,1
4799.0,1,0,1
4802.0,1,0,1
4803.0,1,0,1
4804.0,1,0,1
4808.0,1,0,1
4809.0,1,0,1
4811.0,2,0,2
4812.0,1,0,1
4814.0,1,0,1
4816.0,2,0,2
4819.0,1,0,1
4820.0,1,0,1
4823.0,1,0,1
4825.0,1,0,1
4826.0,1,0,1
4830.0,1,0,1
4831.0,1,0,1
4832.0,1,0,1
4835.0,1,0,1
4837.0,1,0,1
4840.0,1,0,1
4841.0,1,0,1
4844.0,1,0,1
4845.0,1,0,1
4847.0,1,0,1
4848.0,1,0,1
4850.0,1,0,1
4851.0,1,0,1
4853.0,1,0,1
4857.0,1,0,1
4859.0,1,0,1
4862.0,1,0,1
4865.0,1,0,1
4866.0,1,0,1
4869.0,1,0,1
4870.0,1,0,1
4873.0,1,0,1
4874.0,1,0,1
4877.0,1,0,1
4878.0,1,0,1
4879.0,1,0,1
4883.0,2,0,2
4884.0,1,0,1
4887.0,1,0,1
4889.0,1,0,1
4892.0,1,0,1
4895.0,1,0,1
4896.0,1,0,1
4898.0,1,0,1
4900.0,1,0,1
4903.0,1,0,1
4904.0,1,0,1
4906.0,1,0,1
4909.0,1,0,1
4910.0,1,0,1
4912.0,1,0,1
4915.0,1,0,1
4918.0,1,0,1
4923.0,1,0,1
4926.0,1,0,1
4927.0,1,0,1
4929.0,1,0,1
4930.0,1,0,1
4931.0,1,0,1
4934.0,1,0,1
4938.0,1,0,1
4939.0,1,0,1
4942.0,1,0,1
4943.0,1,0,1
4946.0,1,0,1
4947.0,1,0,1
4950.0,1,0,1
4952.0,1,0,1
4955.0,1,0,1
4956.0,1,0,1
4958.0,1,0,1
4959.0,1,0,1
4960.0,1,0,1
4962.0,1,0,1
4965.0,1,0,1
4969.0,1,0,1
4973.0,1,0,1
4974.0,1,0,1
4976.0,1,0,1
4978.0,1,0,1
4980.0,1,0,1
4981.0,1,0,1
4982.0,1,0,1
4984.0,1,0,1
4985.0,1,0,1
4988.0,1,0,1
4992.0,1,0,1
4995.0,1,0,1
4996.0,1,0,1
4998.0,1,0,1
4999.0,1,0,1
5000.0,1,0,1
5004.0,1,0,1
5005.0,1,0,1
5007.0,1,0,1
5009.0,1,0,1
5011.0,1,0,1
5012.0,1,0,1
5014.0,1,0,1
5015.0,1,0,1
5017.0,1,0,1
5021.0,1,0,1
5023.0,1,0,1
5024.0,1,0,1
5028.0,1,0,1
5029.0,1,0,1
5034.0,1,0,1
5041.0,1,0,1
5042.0,1,0,1
5045.0,1,0,1
5048.0,1,0,1
5049.0,1,0,1
5051.0,1,0,1
5053.0,1,0,1
5054.0,1,0,1
5057.0,1,0,1
5058.0,1,0,1
5064.0,1,0,1
5067.0,1,0,1
5072.0,1,0,1
5073.0,1,0,1
5075.0,1,0,1
5077.0,1,0,1
5078.0,1,0,1
5079.0,1,0,1
5081.0,1,0,1
5083.0,1,0,1
5086.0,1,0,1
5089.0,1,0,1
5090.0,1,0,1
5093.0,1,0,1
5094.0,1,0,1
5095.0,1,0,1
5097.0,1,0,1
5098.0,1,0,1
5100.0,1,0,1
5103.0,1,0,1
5104.0,1,0,1
5107.0,1,0,1
5108.0,1,0,1
5109.0,1,0,1
5111.0,1,0,1
5113.0,1,0,1
5115.0,1,0,1
5117.0,1,0,1
5119.0,1,0,1
5123.0,2,0,2
5127.0,1,0,1
5128.0,1,0,1
5130.0,1,0,1
5132.0,1,0,1
5134.0,1,0,1
5138.0,1,0,1
5139.0,1,0,1
5141.0,1,0,1
5143.0,1,0,1
5144.0,1,0,1
5146.0,1,0,1
5147.0,1,0,1
5150.0,1,0,1
5151.0,1,0,1
5154.0,1,0,1
5156.0,1,0,1
5158.0,1,0,1
5159.0,1,0,1
5160.0,1,0,1
5161.0,1,0,1
5163.0,1,0,1
5164.0,1,0,1
5167.0,1,0,1
5171.0,1,0,1
5174.0,1,0,1
5177.0,1,0,1
5179.0,1,0,1
5184.0,1,0,1
5188.0,1,0,1
5191.0,1,0,1
5193.0,1,0,1
5195.0,1,0,1
5196.0,1,0,1
5199.0,1,0,1
5202.0,1,0,1
5204.0,1,0,1
5206.0,1,0,1
5208.0,1,0,1
5210.0,1,0,1
5211.0,1,0,1
5213.0,1,0,1
5214.0,1,0,1
5218.0,1,0,1
5219.0,1,0,1
5222.0,1,0,1
5225.0,1,0,1
5227.0,1,0,1
5229.0,1,0,1
5232.0,1,0,1
5235.0,1,0,1
5236.0,1,0,1
5239.0,1,0,1
5242.0,1,0,1
5243.0,1,0,1
5248.0,1,0,1
5251.0,1,0,1
5252.0,1,0,1
5255.0,1,0,1
5257.0,1,0,1
5258.0,1,0,1
5261.0,1,0,1
5262.0,1,0,1
5263.0,1,0,1
5264.0,1,0,1
5266.0,1,0,1
5268.0,2,0,2
5270.0,1,0,1
5272.0,1,0,1
5273.0,1,0,1
5275.0,1,0,1
5276.0,1,0,1
5279.0,1,0,1
5282.0,1,0,1
5284.0,1,0,1
5287.0,1,0,1
5289.0,1,0,1
5292.0,1,0,1
5293.0,1,0,1
5295.0,1,0,1
5296.0,1,0,1
5298.0,1,0,1
5300.0,1,0,1
5303.0,1,0,1
5305.0,1,0,1
5307.0,1,0,1
5308.0,1,0,1
5310.0,2,0,2
5311.0,1,0,1
5314.0,1,0,1
5315.0,1,0,1
5318.0,1,0,1
5321.0,1,0,1
5323.0,1,0,1
5327.0,1,0,1
5328.0,1,0,1
5331.0,1,0,1
5332.0,1,0,1
5333.0,1,0,1
5336.0,1,0,1
5338.0,1,0,1
5341.0,1,0,1
5342.0,1,0,1
5345.0,1,0,1
5346.0,1,0,1
5348.0,1,0,1
5350.0,1,0,1
5352.0,1,0,1
5354.0,2,0,2
5355.0,1,0,1
5357.0,2,0,2
5358.0,1,0,1
5360.0,1,0,1
5361.0,1,0,1
5363.0,1,0,1
5365.0,1,0,1
5366.0,1,0,1
5368.0,1,0,1
5370.0,1,0,1
5373.0,1,0,1
5375.0,1,0,1
5379.0,1,0,1
5381.0,1,0,1
5383.0,1,0,1
5387.0,1,0,1
5388.0,1,0,1
5391.0,1,0,1
5394.0,1,0,1
5395.0,1,0,1
5398.0,2,0,2
5399.0,1,0,1
5401.0,1,0,1
5405.0,1,0,1
5406.0,1,0,1
5409.0,1,0,1
5411.0,2,0,2
5413.0,2,0,2
5416.0,1,0,1
5418.0,1,0,1
5420.0,1,0,1
5421.0,1,0,1
5423.0,1,0,1
5425.0,1,0,1
5426.0,1,0,1
5429.0,1,0,1
5431.0,1,0,1
5433.0,1,0,1
5436.0,1,0,1
5437.0,1,0,1
5440.0,1,0,1
5441.0,1,0,1
5444.0,1,0,1
5447.0,1,0,1
5449.0,1,0,1
5451.0,1,0,1
5452.0,1,0,1
5453.0,1,0,1
5456.0,1,0,1
5458.0,1,0,1
5460.0,1,0,1
5461.0,1,0,1
5462.0,1,0,1
5465.0,1,0,1
5466.0,1,0,1
5469.0,1,0,1
5472.0,1,0,1
5473.0,2,0,2
5476.0,1,0,1
5479.0,1,0,1
5481.0,1,0,1
5482.0,1,0,1
5484.0,1,0,1
5485.0,1,0,1
5487.0,1,0,1
5488.0,1,0,1
5490.0,1,0,1
5491.0,1,0,1
5493.0,1,0,1
5495.0,2,0,2
5498.0,1,0,1
5501.0,1,0,1
5503.0,1,0,1
5505.0,1,0,1
5506.0,1,0,1
5507.0,1,0,1
5511.0,1,0,1
5512.0,1,0,1
5516.0,1,0,1
5518.0,1,0,1
5520.0,1,0,1
5522.0,2,0,2
5523.0,1,0,1
5528.0,1,0,1
5530.0,1,0,1
5532.0,1,0,1
5534.0,1,0,1
5537.0,1,0,1
5540.0,1,0,1
5543.0,1,0,1
5545.0,1,0,1
5547.0,1,0,1
5548.0,1,0,1
5551.0,2,0,2
5552.0,1,0,1
5555.0,1,0,1
5556.0,1,0,1
5559.0,1,0,1
5562.0,1,0,1
5563.0,1,0,1
5564.0,1,0,1
5565.0,1,0,1
5567.0,1,0,1
5570.0,1,0,1
5575.0,1,0,1
5576.0,1,0,1
5578.0,1,0,1
5579.0,1,0,1
5583.0,1,0,1
5585.0,1,0,1
5587.0,1,0,1
5588.0,1,0,1
5591.0,1,0,1
5594.0,1,0,1
5596.0,1,0,1
5598.0,1,0,1
5600.0,1,0,1
5602.0,1,0,1
5605.0,1,0,1
5606.0,1,0,1
5608.0,1,0,1
5609.0,1,0,1
5612.0,1,0,1
5613.0,1,0,1
5614.0,1,0,1
5616.0,1,0,1
5618.0,1,0,1
5620.0,1,0,1
5621.0,1,0,1
5622.0,1,0,1
5624.0,1,0,1
5626.0,1,0,1
5628.0,1,0,1
5629.0,1,0,1
5632.0,1,0,1
5634.0,1,0,1
5635.0,1,0,1
5637.0,1,0,1
5639.0,1,0,1
5642.0,1,0,1
5644.0,1,0,1
5646.0,1,0,1
5650.0,1,0,1
5652.0,1,0,1
5654.0,1,0,1
5656.0,1,0,1
5657.0,1,0,1
5660.0,1,0,1
5661.0,1,0,1
5663.0,1,0,1
5664.0,1,0,1
5666.0,1,0,1
5668.0,1,0,1
5671.0,1,0,1
5674.0,1,0,1
5675.0,1,0,1
5678.0,1,0,1
5680.0,2,0,2
5681.0,1,0,1
5684.0,1,0,1
5686.0,1,0,1
5688.0,1,0,1
5691.0,1,0,1
5692.0,1,0,1
5695.0,1,0,1
5696.0,1,0,1
5699.0,1,0,1
5700.0,1,0,1
5702.0,1,0,1
5704.0,1,0,1
5706.0,1,0,1
5708.0,1,0,1
5710.0,1,0,1
5715.0,1,0,1
5717.0,1,0,1
5719.0,1,0,1
5721.0,1,0,1
5724.0,1,0,1
5725.0,1,0,1
5727.0,1,0,1
5729.0,1,0,1
5731.0,1,0,1
5733.0,1,0,1
5734.0,1,0,1
5736.0,1,0,1
5737.0,1,0,1
5739.0,1,0,1
5743.0,1,0,1
5745.0,1,0,1
5747.0,1,0,1
5750.0,1,0,1
5751.0,1,0,1
5753.0,1,0,1
5754.0,1,0,1
5757.0,1,0,1
5758.0,1,0,1
5761.0,1,0,1
5762.0,1,0,1
5764.0,1,0,1
5765.0,1,0,1
5766.0,1,0,1
5768.0,1,0,1
5771.0,1,0,1
5774.0,2,0,2
5775.0,1,0,1
5778.0,2,0,2
5780.0,1,0,1
5782.0,1,0,1
5783.0,1,0,1
5786.0,1,0,1
5787.0,1,0,1
5789.0,1,0,1
5791.0,1,0,1
5794.0,1,0,1
5797.0,1,0,1
5798.0,1,0,1
5800.0,1,0,1
5802.0,1,0,1
5803.0,1,0,1
5805.0,1,0,1
5807.0,1,0,1
5808.0,1,0,1
5811.0,1,0,1
5814.0,1,0,1
5815.0,1,0,1
5817.0,1,0,1
5819.0,1,0,1
5821.0,1,0,1
5822.0,1,0,1
5826.0,1,0,1
5827.0,1,0,1
5829.0,1,0,1
5831.0,1,0,1
5833.0,1,0,1
5835.0,1,0,1
5837.0,1,0,1
5839.0,1,0,1
5840.0,1,0,1
5843.0,1,0,1
5846.0,1,0,1
5849.0,1,0,1
5850.0,1,0,1
5853.0,1,0,1
5856.0,1,0,1
5857.0,1,0,1
5860.0,1,0,1
5861.0,1,0,1
5862.0,2,0,2
5863.0,1,0,1
5864.0,1,0,1
5866.0,1,0,1
5868.0,2,0,2
5871.0,2,0,2
5872.0,1,0,1
5874.0,1,0,1
5876.0,1,0,1
5878.0,1,0,1
5880.0,1,0,1
5883.0,1,0,1
5884.0,1,0,1
5887.0,1,0,1
5889.0,3,0,3
5892.0,1,0,1
5894.0,1,0,1
5895.0,1,0,1
5896.0,2,0,2
5899.0,1,0,1
5900.0,1,0,1
5902.0,1,0,1
5903.0,1,0,1
5906.0,1,0,1
5908.0,1,0,1
5910.0,1,0,1
5911.0,1,0,1
5912.0,1,0,1
5914.0,1,0,1
5916.0,1,0,1
5919.0,1,0,1
5921.0,1,0,1
5923.0,1,0,1
5924.0,1,0,1
5927.0,1,0,1
5929.0,1,0,1
5933.0,1,0,1
5936.0,1,0,1
5937.0,1,0,1
5939.0,1,0,1
5940.0,1,0,1
5942.0,1,0,1
5943.0,1,0,1
5945.0,1,0,1
5947.0,1,0,1
5950.0,1,0,1
5951.0,1,0,1
5953.0,1,0,1
5955.0,1,0,1
5957.0,1,0,1
5959.0,1,0,1
5962.0,1,0,1
5963.0,1,0,1
5966.0,1,0,1
5969.0,1,0,1
5970.0,1,0,1
5971.0,1,0,1
5976.0,1,0,1
5977.0,1,0,1
5980.0,1,0,1
5981.0,1,0,1
5982.0,1,0,1
5983.0,1,0,1
5985.0,1,0,1
5988.0,1,0,1
5991.0,1,0,1
5993.0,1,0,1
5996.0,1,0,1
5997.0,1,0,1
5999.0,1,0,1
6000.0,1,0,1
6002.0,1,0,1
6004.0,1,0,1
6007.0,1,0,1
6011.0,2,0,2
6013.0,1,0,1
6014.0,1,0,1
6017.0,1,0,1
6018.0,1,0,1
6021.0,1,0,1
6022.0,1,0,1
6025.0,2,0,2
6026.0,1,0,1
6029.0,1,0,1
6033.0,1,0,1
6035.0,1,0,1
6037.0,1,0,1
6040.0,1,0,1
6042.0,1,0,1
6045.0,1,0,1
6048.0,1,0,1
6052.0,1,0,1
6055.0,1,0,1
6056.0,1,0,1
6058.0,1,0,1
6060.0,1,0,1
6063.0,1,0,1
6064.0,1,0,1
6067.0,1,0,1
6068.0,1,0,1
6070.0,1,0,1
6071.0,1,0,1
6073.0,1,0,1
6076.0,1,0,1
6077.0,1,0,1
6080.0,1,0,1
6082.0,1,0,1
6083.0,1,0,1
6086.0,1,0,1
6087.0,1,0,1
6090.0,1,0,1
6093.0,1,0,1
6094.0,1,0,1
6098.0,1,0,1
6099.0,1,0,1
6101.0,1,0,1
6103.0,1,0,1
6105.0,1,0,1
6107.0,1,0,1
6111.0,2,0,2
6112.0,1,0,1
6115.0,1,0,1
6119.0,1,0,1
6121.0,2,0,2
6123.0,1,0,1
6128.0,1,0,1
6130.0,1,0,1
6134.0,1,0,1
6135.0,1,0,1
6138.0,1,0,1
6139.0,1,0,1
6140.0,1,0,1
6142.0,1,0,1
6147.0,1,0,1
6150.0,1,0,1
6151.0,1,0,1
6152.0,1,0,1
6154.0,1,0,1
6155.0,1,0,1
6160.0,1,0,1
6162.0,1,0,1
6163.0,1,0,1
6165.0,2,0,2
6167.0,2,0,2
6170.0,1,0,1
6173.0,1,0,1
6174.0,1,0,1
6177.0,1,0,1
6178.0,1,0,1
6181.0,1,0,1
6183.0,1,0,1
6185.0,1,0,1
6189.0,1,0,1
6191.0,1,0,1
6193.0,1,0,1
6197.0,1,0,1
6200.0,1,0,1
6202.0,1,0,1
6204.0,1,0,1
6207.0,1,0,1
6210.0,1,0,1
6211.0,1,0,1
6216.0,1,0,1
6217.0,1,0,1
6220.0,1,0,1
6221.0,1,0,1
6223.0,1,0,1
6224.0,1,0,1
6226.0,1,0,1
6229.0,1,0,1
6233.0,1,0,1
6234.0,1,0,1
6236.0,1,0,1
6239.0,1,0,1
6244.0,1,0,1
6246.0,1,0,1
6249.0,2,0,2
6250.0,1,0,1
6254.0,1,0,1
6255.0,1,0,1
6257.0,1,0,1
6259.0,1,0,1
6261.0,1,0,1
6262.0,1,0,1
6264.0,1,0,1
6266.0,1,0,1
6269.0,1,0,1
6272.0,1,0,1
6276.0,1,0,1
6277.0,1,0,1
6280.0,1,0,1
6282.0,1,0,1
6283.0,1,0,1
6285.0,1,0,1
6286.0,1,0,1
6287.0,1,0,1
6288.0,1,0,1
6292.0,1,0,1
6296.0,1,0,1
6297.0,1,0,1
6300.0,1,0,1
6302.0,1,0,1
6305.0,1,0,1
6307.0,1,0,1
6308.0,2,0,2
6311.0,1,0,1
6315.0,1,0,1
6317.0,1,0,1
6318.0,1,0,1
6320.0,1,0,1
6321.0,1,0,1
6325.0,1,0,1
6327.0,1,0,1
6329.0,1,0,1
6333.0,1,0,1
6334.0,1,0,1
6337.0,1,0,1
6338.0,1,0,1
6341.0,1,0,1
6344.0,1,0,1
6345.0,1,0,1
6348.0,1,0,1
6349.0,2,0,2
6352.0,1,0,1
6354.0,1,0,1
6356.0,1,0,1
6357.0,1,0,1
6359.0,1,0,1
6360.0,1,0,1
6363.0,1,0,1
6365.0,1,0,1
6367.0,1,0,1
6368.0,1,0,1
6370.0,1,0,1
6371.0,1,0,1
6373.0,1,0,1
6378.0,1,0,1
6380.0,1,0,1
6381.0,1,0,1
6383.0,1,0,1
6384.0,1,0,1
6385.0,1,0,1
6387.0,1,0,1
6390.0,1,0,1
6394.0,1,0,1
6398.0,1,0,1
6401.0,1,0,1
6404.0,1,0,1
6406.0,1,0,1
6407.0,1,0,1
6408.0,1,0,1
6410.0,2,0,2
6414.0,1,0,1
6415.0,1,0,1
6417.0,1,0,1
6419.0,1,0,1
6421.0,1,0,1
6426.0,1,0,1
6428.0,1,0,1
6430.0,1,0,1
6433.0,1,0,1
6435.0,1,0,1
6437.0,1,0,1
6440.0,1,0,1
6443.0,1,0,1
6445.0,1,0,1
6447.0,1,0,1
6450.0,1,0,1
6452.0,1,0,1
6453.0,1,0,1
6455.0,1,0,1
6456.0,1,0,1
6458.0,1,0,1
6461.0,1,0,1
6462.0,1,0,1
6467.0,1,0,1
6473.0,2,0,2
6476.0,1,0,1
6480.0,1,0,1
6481.0,2,0,2
6483.0,1,0,1
6484.0,1,0,1
6487.0,1,0,1
6490.0,1,0,1
6492.0,1,0,1
6494.0,1,0,1
6497.0,1,0,1
6498.0,1,0,1
6501.0,1,0,1
6502.0,2,0,2
6505.0,1,0,1
6506.0,1,0,1
6509.0,1,0,1
6510.0,1,0,1
6513.0,2,0,2
6515.0,1,0,1
6517.0,1,0,1
6518.0,1,0,1
6519.0,1,0,1
6521.0,1,0,1
6524.0,1,0,1
6526.0,1,0,1
6528.0,1,0,1
6529.0,1,0,1
6532.0,1,0,1
6535.0,2,0,2
6536.0,1,0,1
6539.0,1,0,1
6540.0,1,0,1
6543.0,1,0,1
6545.0,1,0,1
6546.0,1,0,1
6549.0,1,0,1
6552.0,1,0,1
6556.0,1,0,1
6559.0,1,0,1
6562.0,1,0,1
6564.0,1,0,1
6566.0,2,0,2
6568.0,1,0,1
6570.0,1,0,1
6572.0,1,0,1
6573.0,1,0,1
6574.0,1,0,1
6577.0,1,0,1
6579.0,1,0,1
6581.0,1,0,1
6582.0,1,0,1
6585.0,1,0,1
6588.0,1,0,1
6591.0,1,0,1
6597.0,2,0,2
6598.0,2,0,2
6600.0,1,0,1
6602.0,1,0,1
6604.0,1,0,1
6606.0,1,0,1
6608.0,1,0,1
6609.0,1,0,1
6611.0,1,0,1
6613.0,1,0,1
6614.0,1,0,1
6616.0,1,0,1
6618.0,1,0,1
6619.0,1,0,1
6622.0,1,0,1
6625.0,1,0,1
6627.0,1,0,1
6629.0,1,0,1
6631.0,1,0,1
6633.0,1,0,1
6635.0,1,0,1
6638.0,1,0,1
6639.0,1,0,1
6641.0,1,0,1
6644.0,1,0,1
6647.0,1,0,1
6652.0,1,0,1
6653.0,1,0,1
6655.0,1,0,1
6656.0,1,0,1
6658.0,1,0,1
6660.0,1,0,1
6662.0,2,0,2
6664.0,1,0,1
6665.0,1,0,1
6666.0,1,0,1
6670.0,1,0,1
6674.0,1,0,1
6675.0,1,0,1
6676.0,1,0,1
6677.0,1,0,1
6679.0,2,0,2
6680.0,2,0,2
6683.0,1,0,1
6686.0,1,0,1
6689.0,1,0,1
6692.0,1,0,1
6695.0,1,0,1
6698.0,1,0,1
6699.0,1,0,1
6701.0,1,0,1
6703.0,1,0,1
6705.0,1,0,1
6707.0,1,0,1
6710.0,1,0,1
6714.0,1,0,1
6715.0,1,0,1
6717.0,1,0,1
6718.0,1,0,1
6720.0,1,0,1
6722.0,1,0,1
6725.0,1,0,1
6727.0,1,0,1
6729.0,1,0,1
6732.0,1,0,1
6734.0,1,0,1
6738.0,1,0,1
6739.0,1,0,1
6741.0,1,0,1
6742.0,1,0,1
6744.0,1,0,1
6746.0,1,0,1
6749.0,1,0,1
6752.0,1,0,1
6754.0,1,0,1
6756.0,1,0,1
6757.0,1,0,1
6759.0,1,0,1
6761.0,1,0,1
6763.0,1,0,1
6765.0,1,0,1
6768.0,2,0,2
6769.0,1,0,1
6771.0,1,0,1
6773.0,1,0,1
6775.0,1,0,1
6778.0,1,0,1
6780.0,1,0,1
6782.0,1,0,1
6788.0,2,0,2
6791.0,1,0,1
6796.0,1,0,1
6797.0,1,0,1
6800.0,1,0,1
6803.0,1,0,1
6809.0,1,0,1
6812.0,1,0,1
6813.0,1,0,1
6815.0,1,0,1
6820.0,1,0,1
6823.0,1,0,1
6826.0,1,0,1
6827.0,1,0,1
6830.0,1,0,1
6832.0,1,0,1
6834.0,1,0,1
6837.0,1,0,1
6839.0,1,0,1
6841.0,2,0,2
6844.0,1,0,1
6845.0,1,0,1
6848.0,1,0,1
6853.0,1,0,1
6854.0,1,0,1
6857.0,1,0,1
6858.0,1,0,1
6860.0,1,0,1
6862.0,1,0,1
6864.0,1,0,1
6868.0,1,0,1
6869.0,1,0,1
6872.0,1,0,1
6876.0,1,0,1
6879.0,1,0,1
6881.0,1,0,1
6882.0,1,0,1
6883.0,1,0,1
6889.0,2,0,2
6890.0,1,0,1
6892.0,1,0,1
6896.0,1,0,1
6898.0,1,0,1
6900.0,1,0,1
6901.0,1,0,1
6903.0,1,0,1
6907.0,1,0,1
6911.0,1,0,1
6914.0,1,0,1
6915.0,1,0,1
6916.0,1,0,1
6918.0,1,0,1
6920.0,1,0,1
6924.0,1,0,1
6925.0,1,0,1
6928.0,1,0,1
6931.0,2,0,2
6934.0,1,0,1
6938.0,1,0,1
6941.0,1,0,1
6942.0,1,0,1
6945.0,1,0,1
6948.0,1,0,1
6949.0,1,0,1
6952.0,1,0,1
6953.0,1,0,1
6955.0,1,0,1
6956.0,1,0,1
6958.0,2,0,2
6961.0,1,0,1
6962.0,1,0,1
6964.0,1,0,1
6966.0,1,0,1
6968.0,1,0,1
6969.0,1,0,1
6972.0,1,0,1
6973.0,3,0,3
6975.0,1,0,1
6979.0,1,0,1
6982.0,1,0,1
6983.0,1,0,1
6987.0,1,0,1
6988.0,1,0,1
6992.0,1,0,1
6995.0,1,0,1
6998.0,1,0,1
6999.0,1,0,1
7002.0,1,0,1
7003.0,1,0,1
7005.0,1,0,1
7006.0,2,0,2
7009.0,1,0,1
7012.0,1,0,1
7013.0,1,0,1
7015.0,1,0,1
7019.0,1,0,1
7022.0,1,0,1
7024.0,1,0,1
7026.0,1,0,1
7028.0,1,0,1
7030.0,1,0,1
7032.0,1,0,1
7034.0,1,0,1
7035.0,1,0,1
7037.0,1,0,1
7039.0,1,0,1
7040.0,1,0,1
7041.0,1,0,1
7045.0,2,0,2
7046.0,1,0,1
7047.0,1,0,1
7049.0,1,0,1
7050.0,1,0,1
7053.0,1,0,1
7058.0,1,0,1
7059.0,3,0,3
7061.0,1,0,1
7063.0,1,0,1
7067.0,1,0,1
7070.0,1,0,1
7073.0,1,0,1
7075.0,1,0,1
7078.0,1,0,1
7080.0,1,0,1
7081.0,1,0,1
7083.0,1,0,1
7085.0,1,0,1
7088.0,1,0,1
7089.0,1,0,1
7092.0,1,0,1
7096.0,1,0,1
7099.0,1,0,1
7100.0,1,0,1
7102.0,1,0,1
7105.0,1,0,1
7106.0,1,0,1
7109.0,1,0,1
7110.0,1,0,1
7113.0,1,0,1
7117.0,1,0,1
7118.0,1,0,1
7121.0,1,0,1
7127.0,1,0,1
7128.0,1,0,1
7131.0,1,0,1
7134.0,1,0,1
7137.0,1,0,1
7139.0,1,0,1
7141.0,1,0,1
7143.0,2,0,2
7145.0,1,0,1
7148.0,1,0,1
7150.0,1,0,1
7155.0,2,0,2
7156.0,1,0,1
7158.0,1,0,1
7159.0,1,0,1
7160.0,1,0,1
7161.0,1,0,1
7162.0,1,0,1
7165.0,1,0,1
7171.0,1,0,1
7173.0,1,0,1
7175.0,1,0,1
7178.0,1,0,1
7179.0,1,0,1
7182.0,1,0,1
7185.0,1,0,1
7187.0,1,0,1
7189.0,1,0,1
7191.0,1,0,1
7193.0,1,0,1
7195.0,1,0,1
7199.0,1,0,1
7202.0,1,0,1
7204.0,1,0,1
7206.0,3,0,3
7210.0,1,0,1
7211.0,1,0,1
7217.0,1,0,1
7220.0,1,0,1
7225.0,1,0,1
7234.0,1,0,1
7235.0,1,0,1
7236.0,2,0,2
7238.0,1,0,1
7240.0,1,0,1
7242.0,2,0,2
7243.0,1,0,1
7245.0,2,0,2
7247.0,1,0,1
7249.0,1,0,1
7252.0,1,0,1
7255.0,1,0,1
7258.0,1,0,1
7260.0,1,0,1
7262.0,1,0,1
7264.0,2,0,2
7265.0,1,0,1
7267.0,1,0,1
7269.0,1,0,1
7271.0,1,0,1
7274.0,1,0,1
7275.0,1,0,1
7278.0,1,0,1
7280.0,1,0,1
7282.0,2,0,2
7286.0,1,0,1
7288.0,1,0,1
7290.0,1,0,1
7291.0,1,0,1
7293.0,1,0,1
7295.0,1,0,1
7297.0,1,0,1
7299.0,1,0,1
7302.0,2,0,2
7305.0,1,0,1
7306.0,1,0,1
7308.0,1,0,1
7310.0,2,0,2
7312.0,1,0,1
7314.0,1,0,1
7316.0,1,0,1
7319.0,1,0,1
7320.0,1,0,1
7324.0,1,0,1
7327.0,1,0,1
7329.0,1,0,1
7331.0,1,0,1
7333.0,1,0,1
7335.0,1,0,1
7337.0,1,0,1
7338.0,2,0,2
7341.0,1,0,1
7344.0,2,0,2
7347.0,1,0,1
7349.0,1,0,1
7351.0,1,0,1
7352.0,1,0,1
7356.0,1,0,1
7358.0,1,0,1
7359.0,1,0,1
7361.0,1,0,1
7363.0,1,0,1
7364.0,1,0,1
7367.0,1,0,1
7368.0,2,0,2
7371.0,1,0,1
7373.0,1,0,1
7375.0,1,0,1
7377.0,1,0,1
7379.0,1,0,1
7380.0,1,0,1
7382.0,1,0,1
7385.0,1,0,1
7388.0,1,0,1
7391.0,1,0,1
7394.0,1,0,1
7397.0,1,0,1
7400.0,1,0,1
7401.0,1,0,1
7405.0,1,0,1
7407.0,1,0,1
7408.0,1,0,1
7411.0,1,0,1
7414.0,1,0,1
7417.0,1,0,1
7418.0,1,0,1
7420.0,1,0,1
7421.0,1,0,1
7424.0,1,0,1
7426.0,1,0,1
7427.0,1,0,1
7429.0,1,0,1
7431.0,1,0,1
7434.0,1,0,1
7437.0,1,0,1
7438.0,1,0,1
7440.0,1,0,1
7442.0,1,0,1
7444.0,1,0,1
7446.0,1,0,1
7450.0,1,0,1
7452.0,1,0,1
7455.0,1,0,1
7457.0,1,0,1
7458.0,1,0,1
7461.0,1,0,1
7462.0,2,0,2
7466.0,1,0,1
7467.0,1,0,1
7468.0,1,0,1
7470.0,1,0,1
7471.0,1,0,1
7474.0,1,0,1
7476.0,1,0,1
7478.0,1,0,1
7483.0,1,0,1
7485.0,1,0,1
7486.0,1,0,1
7493.0,1,0,1
7497.0,1,0,1
7498.0,1,0,1
7500.0,1,0,1
7502.0,2,0,2
7504.0,1,0,1
7505.0,2,0,2
7508.0,1,0,1
7509.0,1,0,1
7512.0,1,0,1
7515.0,1,0,1
7518.0,1,0,1
7520.0,2,0,2
7522.0,1,0,1
7524.0,1,0,1
7526.0,1,0,1
7529.0,1,0,1
7534.0,1,0,1
7537.0,1,0,1
7539.0,1,0,1
7542.0,1,0,1
7543.0,1,0,1
7544.0,1,0,1
7547.0,1,0,1
7548.0,1,0,1
7552.0,2,0,2
7553.0,1,0,1
7556.0,1,0,1
7562.0,1,0,1
7565.0,1,0,1
7566.0,1,0,1
7569.0,1,0,1
7570.0,1,0,1
7574.0,1,0,1
7575.0,1,0,1
7577.0,1,0,1
7580.0,1,0,1
7581.0,2,0,2
7584.0,2,0,2
7586.0,1,0,1
7590.0,1,0,1
7595.0,1,0,1
7596.0,1,0,1
7598.0,1,0,1
7600.0,1,0,1
7603.0,1,0,1
7604.0,1,0,1
7607.0,1,0,1
7610.0,1,0,1
7614.0,1,0,1
7616.0,1,0,1
7619.0,1,0,1
7622.0,1,0,1
7624.0,1,0,1
7627.0,1,0,1
7629.0,1,0,1
7631.0,1,0,1
7632.0,1,0,1
7634.0,1,0,1
7636.0,1,0,1
7639.0,1,0,1
7644.0,1,0,1
7647.0,1,0,1
7649.0,1,0,1
7657.0,1,0,1
7659.0,1,0,1
7662.0,1,0,1
7665.0,1,0,1
7669.0,1,0,1
7671.0,1,0,1
7673.0,1,0,1
7675.0,1,0,1
7679.0,1,0,1
7680.0,1,0,1
7683.0,1,0,1
7685.0,1,0,1
7687.0,1,0,1
7688.0,1,0,1
7691.0,1,0,1
7692.0,1,0,1
7695.0,1,0,1
7696.0,1,0,1
7699.0,1,0,1
7701.0,1,0,1
7703.0,1,0,1
7705.0,1,0,1
7707.0,1,0,1
7710.0,1,0,1
7712.0,1,0,1
7714.0,1,0,1
7717.0,1,0,1
7718.0,1,0,1
7720.0,1,0,1
7722.0,1,0,1
7725.0,1,0,1
7727.0,1,0,1
7729.0,1,0,1
7730.0,1,0,1
7733.0,2,0,2
7736.0,1,0,1
7739.0,1,0,1
7742.0,1,0,1
7745.0,1,0,1
7748.0,1,0,1
7749.0,1,0,1
7752.0,1,0,1
7754.0,1,0,1
7760.0,1,0,1
7761.0,1,0,1
7764.0,1,0,1
7768.0,1,0,1
7771.0,1,0,1
7773.0,1,0,1
7775.0,1,0,1
7778.0,1,0,1
7782.0,1,0,1
7784.0,1,0,1
7788.0,1,0,1
7791.0,1,0,1
7796.0,1,0,1
7797.0,2,0,2
7798.0,1,0,1
7800.0,1,0,1
7801.0,1,0,1
7804.0,1,0,1
7806.0,1,0,1
7811.0,1,0,1
7814.0,1,0,1
7817.0,1,0,1
7819.0,1,0,1
7822.0,1,0,1
7825.0,1,0,1
7829.0,1,0,1
7833.0,1,0,1
7835.0,1,0,1
7837.0,1,0,1
7839.0,1,0,1
7841.0,1,0,1
7844.0,1,0,1
7845.0,1,0,1
7848.0,2,0,2
7849.0,1,0,1
7852.0,1,0,1
7854.0,1,0,1
7857.0,1,0,1
7860.0,1,0,1
7861.0,1,0,1
7863.0,1,0,1
7867.0,1,0,1
7869.0,1,0,1
7872.0,1,0,1
7875.0,1,0,1
7878.0,1,0,1
7879.0,1,0,1
7881.0,1,0,1
7885.0,1,0,1
7887.0,1,0,1
7890.0,1,0,1
7891.0,1,0,1
7893.0,1,0,1
7896.0,1,0,1
7898.0,1,0,1
7900.0,1,0,1
7904.0,1,0,1
7905.0,1,0,1
7908.0,1,0,1
7911.0,1,0,1
7915.0,1,0,1
7918.0,1,0,1
7921.0,1,0,1
7925.0,1,0,1
7927.0,1,0,1
7930.0,1,0,1
7931.0,1,0,1
7933.0,1,0,1
7936.0,1,0,1
7937.0,1,0,1
7939.0,2,0,2
7944.0,1,0,1
7946.0,1,0,1
7947.0,1,0,1
7949.0,1,0,1
7951.0,1,0,1
7953.0,1,0,1
7956.0,1,0,1
7958.0,1,0,1
7961.0,2,0,2
7963.0,1,0,1
7965.0,1,0,1
7967.0,1,0,1
7969.0,1,0,1
7971.0,1,0,1
7973.0,1,0,1
7975.0,1,0,1
7977.0,1,0,1
7979.0,1,0,1
7982.0,1,0,1
7984.0,1,0,1
7986.0,1,0,1
7987.0,1,0,1
7991.0,1,0,1
7994.0,1,0,1
7996.0,1,0,1
7999.0,1,0,1
8001.0,1,0,1
8004.0,1,0,1
8008.0,1,0,1
8010.0,1,0,1
8012.0,2,0,2
8013.0,1,0,1
8015.0,1,0,1
8020.0,1,0,1
8022.0,1,0,1
8023.0,1,0,1
8026.0,1,0,1
8029.0,1,0,1
8031.0,1,0,1
8033.0,1,0,1
8036.0,1,0,1
8037.0,1,0,1
8041.0,1,0,1
8045.0,1,0,1
8047.0,1,0,1
8050.0,1,0,1
8053.0,1,0,1
8057.0,1,0,1
8060.0,1,0,1
8063.0,1,0,1
8066.0,1,0,1
8070.0,1,0,1
8073.0,1,0,1
8075.0,1,0,1
8080.0,1,0,1
8082.0,1,0,1
8084.0,1,0,1
8087.0,1,0,1
8090.0,1,0,1
8094.0,1,0,1
8097.0,1,0,1
8099.0,1,0,1
8101.0,1,0,1
8104.0,1,0,1
8106.0,1,0,1
8107.0,1,0,1
8110.0,1,0,1
8114.0,1,0,1
8117.0,1,0,1
8118.0,1,0,1
8120.0,1,0,1
8124.0,1,0,1
8125.0,1,0,1
8128.0,1,0,1
8131.0,1,0,1
8134.0,1,0,1
8139.0,1,0,1
8142.0,1,0,1
8145.0,1,0,1
8148.0,2,0,2
8151.0,1,0,1
8154.0,1,0,1
8158.0,1,0,1
8161.0,2,0,2
8163.0,1,0,1
8167.0,1,0,1
8168.0,1,0,1
8171.0,1,0,1
8175.0,2,0,2
8177.0,1,0,1
8180.0,1,0,1
8182.0,1,0,1
8185.0,1,0,1
8190.0,1,0,1
8191.0,1,0,1
8194.0,1,0,1
8198.0,1,0,1
8199.0,1,0,1
8205.0,2,0,2
8208.0,1,0,1
8211.0,1,0,1
8215.0,1,0,1
8217.0,1,0,1
8218.0,1,0,1
8220.0,1,0,1
8223.0,1,0,1
8226.0,1,0,1
8228.0,1,0,1
8230.0,1,0,1
8231.0,1,0,1
8235.0,1,0,1
8238.0,1,0,1
8241.0,1,0,1
8244.0,1,0,1
8247.0,1,0,1
8249.0,1,0,1
8253.0,2,0,2
8257.0,1,0,1
8258.0,1,0,1
8261.0,1,0,1
8264.0,1,0,1
8266.0,1,0,1
8268.0,1,0,1
8270.0,2,0,2
8273.0,1,0,1
8276.0,1,0,1
8278.0,1,0,1
8279.0,1,0,1
8283.0,1,0,1
8288.0,1,0,1
8289.0,1,0,1
8291.0,1,0,1
8292.0,1,0,1
8296.0,1,0,1
8297.0,1,0,1
8299.0,1,0,1
8301.0,1,0,1
8304.0,1,0,1
8307.0,1,0,1
8309.0,1,0,1
8311.0,1,0,1
8313.0,1,0,1
8316.0,1,0,1
8320.0,1,0,1
8322.0,1,0,1
8324.0,1,0,1
8326.0,1,0,1
8328.0,1,0,1
8330.0,1,0,1
8337.0,1,0,1
8339.0,1,0,1
8341.0,1,0,1
8343.0,1,0,1
8345.0,1,0,1
8350.0,1,0,1
8352.0,2,0,2
8356.0,1,0,1
8358.0,1,0,1
8361.0,1,0,1
8364.0,1,0,1
8367.0,1,0,1
8369.0,1,0,1
8371.0,1,0,1
8374.0,1,0,1
8375.0,1,0,1
8378.0,1,0,1
8379.0,1,0,1
8381.0,1,0,1
8383.0,2,0,2
8386.0,1,0,1
8388.0,1,0,1
8389.0,1,0,1
8391.0,1,0,1
8394.0,1,0,1
8397.0,1,0,1
8400.0,1,0,1
8403.0,1,0,1
8406.0,1,0,1
8410.0,1,0,1
8412.0,1,0,1
8415.0,1,0,1
8418.0,1,0,1
8420.0,1,0,1
8422.0,1,0,1
8424.0,1,0,1
8426.0,1,0,1
8430.0,1,0,1
8431.0,2,0,2
8435.0,1,0,1
8436.0,1,0,1
8439.0,1,0,1
8443.0,1,0,1
8447.0,1,0,1
8449.0,1,0,1
8452.0,1,0,1
8455.0,1,0,1
8457.0,1,0,1
8459.0,1,0,1
8461.0,1,0,1
8465.0,1,0,1
8467.0,1,0,1
8469.0,1,0,1
8471.0,1,0,1
8473.0,1,0,1
8474.0,1,0,1
8477.0,1,0,1
8480.0,1,0,1
8481.0,1,0,1
8482.0,1,0,1
8485.0,1,0,1
8486.0,1,0,1
8489.0,1,0,1
8493.0,1,0,1
8494.0,1,0,1
8497.0,1,0,1
8500.0,1,0,1
8502.0,2,0,2
8506.0,1,0,1
8510.0,1,0,1
8513.0,1,0,1
8517.0,1,0,1
8519.0,1,0,1
8521.0,1,0,1
8524.0,1,0,1
8527.0,1,0,1
8528.0,1,0,1
8530.0,1,0,1
8532.0,1,0,1
8535.0,1,0,1
8538.0,1,0,1
8541.0,1,0,1
8543.0,1,0,1
8545.0,1,0,1
8547.0,1,0,1
8550.0,1,0,1
8551.0,1,0,1
8554.0,1,0,1
8557.0,1,0,1
8560.0,1,0,1
8562.0,1,0,1
8565.0,1,0,1
8566.0,1,0,1
8568.0,2,0,2
8570.0,1,0,1
8574.0,1,0,1
8577.0,1,0,1
8580.0,1,0,1
8583.0,1,0,1
8584.0,1,0,1
8587.0,1,0,1
8589.0,1,0,1
8591.0,1,0,1
8593.0,1,0,1
8594.0,1,0,1
8596.0,1,0,1
8599.0,1,0,1
8600.0,1,0,1
8602.0,1,0,1
8604.0,1,0,1
8606.0,1,0,1
8609.0,1,0,1
8610.0,1,0,1
8613.0,1,0,1
8616.0,1,0,1
8618.0,1,0,1
8622.0,1,0,1
8625.0,1,0,1
8628.0,1,0,1
8629.0,1,0,1
8631.0,1,0,1
8633.0,1,0,1
8636.0,1,0,1
8639.0,2,0,2
8642.0,1,0,1
8646.0,1,0,1
8648.0,1,0,1
8650.0,1,0,1
8655.0,1,0,1
8656.0,1,0,1
8658.0,1,0,1
8660.0,1,0,1
8661.0,1,0,1
8665.0,1,0,1
8666.0,1,0,1
8669.0,1,0,1
8672.0,1,0,1
8675.0,1,0,1
8677.0,1,0,1
8680.0,1,0,1
8683.0,1,0,1
8685.0,1,0,1
8688.0,1,0,1
8690.0,1,0,1
8693.0,1,0,1
8694.0,1,0,1
8697.0,1,0,1
8698.0,1,0,1
8699.0,1,0,1
8701.0,1,0,1
8707.0,1,0,1
8708.0,1,0,1
8710.0,1,0,1
8712.0,1,0,1
8714.0,1,0,1
8716.0,1,0,1
8721.0,1,0,1
8724.0,1,0,1
8727.0,1,0,1
8729.0,1,0,1
8731.0,1,0,1
8734.0,1,0,1
8737.0,1,0,1
8738.0,1,0,1
8741.0,1,0,1
8745.0,1,0,1
8748.0,1,0,1
8751.0,1,0,1
8754.0,1,0,1
8756.0,1,0,1
8758.0,1,0,1
8762.0,1,0,1
8767.0,1,0,1
8768.0,1,0,1
8771.0,1,0,1
8774.0,1,0,1
8776.0,1,0,1
8779.0,1,0,1
8781.0,1,0,1
8784.0,1,0,1
8787.0,1,0,1
8788.0,1,0,1
8790.0,1,0,1
8791.0,1,0,1
8794.0,1,0,1
8797.0,1,0,1
8799.0,1,0,1
8807.0,1,0,1
8808.0,1,0,1
8810.0,2,0,2
8811.0,1,0,1
8815.0,1,0,1
8818.0,2,0,2
8819.0,1,0,1
8822.0,1,0,1
8823.0,1,0,1
8826.0,1,0,1
8831.0,1,0,1
8832.0,1,0,1
8834.0,1,0,1
8836.0,1,0,1
8840.0,1,0,1
8841.0,1,0,1
8844.0,1,0,1
8846.0,1,0,1
8848.0,1,0,1
8850.0,1,0,1
8853.0,1,0,1
8856.0,1,0,1
8858.0,1,0,1
8861.0,1,0,1
8864.0,1,0,1
8866.0,1,0,1
8868.0,1,0,1
8871.0,1,0,1
8874.0,1,0,1
8877.0,1,0,1
8881.0,1,0,1
8884.0,2,0,2
8887.0,1,0,1
8889.0,1,0,1
8893.0,1,0,1
8894.0,1,0,1
8896.0,1,0,1
8898.0,1,0,1
8901.0,2,0,2
8904.0,1,0,1
8908.0,2,0,2
8910.0,1,0,1
8915.0,1,0,1
8916.0,1,0,1
8921.0,1,0,1
8923.0,1,0,1
8925.0,1,0,1
8927.0,1,0,1
8929.0,1,0,1
8932.0,1,0,1
8935.0,1,0,1
8938.0,1,0,1
8941.0,1,0,1
8944.0,1,0,1
8946.0,1,0,1
8949.0,1,0,1
8951.0,1,0,1
8954.0,1,0,1
8957.0,1,0,1
8958.0,1,0,1
8961.0,1,0,1
8962.0,1,0,1
8967.0,1,0,1
8969.0,1,0,1
8971.0,1,0,1
8974.0,1,0,1
8976.0,1,0,1
8978.0,1,0,1
8979.0,1,0,1
8981.0,2,0,2
8982.0,1,0,1
8985.0,1,0,1
8988.0,1,0,1
8991.0,1,0,1
8994.0,1,0,1
8996.0,1,0,1
8998.0,2,0,2
8999.0,2,0,2
9001.0,1,0,1
9004.0,1,0,1
9007.0,1,0,1
9008.0,2,0,2
9012.0,1,0,1
9015.0,1,0,1
9018.0,1,0,1
9021.0,1,0,1
9022.0,1,0,1
9025.0,1,0,1
9027.0,1,0,1
9029.0,2,0,2
9031.0,1,0,1
9033.0,2,0,2
9036.0,1,0,1
9037.0,1,0,1
9039.0,2,0,2
9042.0,1,0,1
9043.0,1,0,1
9046.0,1,0,1
9048.0,1,0,1
9051.0,1,0,1
9053.0,1,0,1
9055.0,1,0,1
9058.0,1,0,1
9064.0,1,0,1
9066.0,2,0,2
9067.0,1,0,1
9069.0,1,0,1
9073.0,1,0,1
9075.0,1,0,1
9078.0,1,0,1
9081.0,1,0,1
9084.0,1,0,1
9087.0,1,0,1
9088.0,1,0,1
9091.0,2,0,2
9093.0,1,0,1
9095.0,1,0,1
9096.0,1,0,1
9100.0,1,0,1
9103.0,1,0,1
9106.0,1,0,1
9109.0,1,0,1
9110.0,1,0,1
9113.0,1,0,1
9115.0,1,0,1
9117.0,1,0,1
9121.0,2,0,2
9122.0,1,0,1
9125.0,1,0,1
9127.0,1,0,1
9130.0,1,0,1
9133.0,1,0,1
9135.0,1,0,1
9136.0,1,0,1
9139.0,1,0,1
9142.0,1,0,1
9145.0,1,0,1
9147.0,1,0,1
9149.0,1,0,1
9151.0,1,0,1
9155.0,1,0,1
9158.0,1,0,1
9161.0,1,0,1
9164.0,1,0,1
9166.0,1,0,1
9168.0,1,0,1
9170.0,1,0,1
9173.0,1,0,1
9177.0,1,0,1
9179.0,1,0,1
9182.0,1,0,1
9184.0,1,0,1
9187.0,1,0,1
9190.0,1,0,1
9193.0,1,0,1
9195.0,1,0,1
9197.0,1,0,1
9201.0,1,0,1
9204.0,1,0,1
9205.0,1,0,1
9208.0,1,0,1
9210.0,1,0,1
9211.0,1,0,1
9213.0,1,0,1
9216.0,1,0,1
9219.0,2,0,2
9222.0,1,0,1
9225.0,1,0,1
9226.0,1,0,1
9227.0,1,0,1
9228.0,2,0,2
9230.0,1,0,1
9234.0,1,0,1
9237.0,1,0,1
9240.0,1,0,1
9241.0,1,0,1
9244.0,1,0,1
9246.0,1,0,1
9249.0,1,0,1
9251.0,1,0,1
9254.0,1,0,1
9256.0,1,0,1
9258.0,1,0,1
9262.0,1,0,1
9264.0,1,0,1
9265.0,1,0,1
9268.0,1,0,1
9273.0,1,0,1
9274.0,1,0,1
9277.0,1,0,1
9281.0,1,0,1
9283.0,2,0,2
9284.0,2,0,2
9287.0,2,0,2
9290.0,1,0,1
9295.0,1,0,1
9297.0,1,0,1
9299.0,1,0,1
9300.0,1,0,1
9303.0,1,0,1
9305.0,1,0,1
9306.0,1,0,1
9309.0,1,0,1
9311.0,1,0,1
9312.0,1,0,1
9315.0,1,0,1
9317.0,1,0,1
9321.0,1,0,1
9322.0,1,0,1
9326.0,1,0,1
9328.0,1,0,1
9331.0,1,0,1
9333.0,3,0,3
9334.0,1,0,1
9338.0,1,0,1
9341.0,1,0,1
9345.0,1,0,1
9347.0,1,0,1
9350.0,1,0,1
9353.0,1,0,1
9356.0,1,0,1
9357.0,1,0,1
9360.0,1,0,1
9361.0,1,0,1
9364.0,1,0,1
9366.0,2,0,2
9367.0,1,0,1
9369.0,1,0,1
9372.0,1,0,1
9373.0,1,0,1
9376.0,1,0,1
9378.0,1,0,1
9381.0,1,0,1
9383.0,1,0,1
9385.0,1,0,1
9388.0,1,0,1
9390.0,1,0,1
9394.0,1,0,1
9397.0,1,0,1
9398.0,1,0,1
9402.0,1,0,1
9406.0,1,0,1
9409.0,1,0,1
9410.0,1,0,1
9413.0,1,0,1
9417.0,1,0,1
9420.0,1,0,1
9423.0,1,0,1
9426.0,1,0,1
9430.0,1,0,1
9434.0,1,0,1
9436.0,1,0,1
9438.0,1,0,1
9441.0,1,0,1
9447.0,1,0,1
9451.0,1,0,1
9453.0,1,0,1
9455.0,1,0,1
9457.0,1,0,1
9461.0,1,0,1
9463.0,1,0,1
9464.0,1,0,1
9469.0,1,0,1
9471.0,1,0,1
9472.0,1,0,1
9474.0,1,0,1
9475.0,1,0,1
9478.0,1,0,1
9481.0,1,0,1
9482.0,1,0,1
9485.0,1,0,1
9488.0,1,0,1
9491.0,1,0,1
9493.0,1,0,1
9495.0,1,0,1
9498.0,1,0,1
9504.0,1,0,1
9505.0,1,0,1
9508.0,2,0,2
9511.0,1,0,1
9515.0,1,0,1
9516.0,1,0,1
9520.0,1,0,1
9523.0,1,0,1
9525.0,1,0,1
9528.0,1,0,1
9530.0,1,0,1
9532.0,1,0,1
9535.0,1,0,1
9537.0,1,0,1
9539.0,1,0,1
9542.0,2,0,2
9543.0,1,0,1
9546.0,1,0,1
9547.0,1,0,1
9549.0,1,0,1
9551.0,1,0,1
9554.0,1,0,1
9558.0,1,0,1
9563.0,2,0,2
9567.0,1,0,1
9571.0,1,0,1
9574.0,1,0,1
9578.0,1,0,1
9580.0,1,0,1
9582.0,1,0,1
9585.0,1,0,1
9587.0,2,0,2
9591.0,1,0,1
9593.0,1,0,1
9595.0,1,0,1
9597.0,1,0,1
9600.0,1,0,1
9603.0,1,0,1
9606.0,1,0,1
9608.0,1,0,1
9610.0,2,0,2
9613.0,1,0,1
9616.0,1,0,1
9619.0,1,0,1
9622.0,1,0,1
9624.0,1,0,1
9627.0,1,0,1
9630.0,1,0,1
9634.0,2,0,2
9636.0,1,0,1
9640.0,1,0,1
9644.0,1,0,1
9647.0,1,0,1
9648.0,1,0,1
9651.0,1,0,1
9652.0,1,0,1
9655.0,1,0,1
9657.0,1,0,1
9659.0,1,0,1
9661.0,1,0,1
9663.0,1,0,1
9666.0,1,0,1
9670.0,1,0,1
9674.0,1,0,1
9677.0,1,0,1
9679.0,1,0,1
9682.0,1,0,1
9685.0,1,0,1
9688.0,2,0,2
9692.0,1,0,1
9693.0,1,0,1
9696.0,1,0,1
9699.0,1,0,1
9701.0,1,0,1
9702.0,2,0,2
9703.0,2,0,2
9706.0,1,0,1
9708.0,1,0,1
9710.0,1,0,1
9712.0,1,0,1
9715.0,1,0,1
9718.0,1,0,1
9721.0,1,0,1
9724.0,1,0,1
9726.0,1,0,1
9730.0,1,0,1
9734.0,1,0,1
9736.0,2,0,2
9737.0,1,0,1
9740.0,1,0,1
9743.0,1,0,1
9744.0,1,0,1
9747.0,1,0,1
9751.0,1,0,1
9754.0,1,0,1
9757.0,1,0,1
9760.0,1,0,1
9763.0,1,0,1
9766.0,1,0,1
9769.0,1,0,1
9770.0,1,0,1
9773.0,1,0,1
9775.0,1,0,1
9778.0,2,0,2
9782.0,2,0,2
9785.0,1,0,1
9788.0,1,0,1
9789.0,1,0,1
9791.0,1,0,1
9793.0,1,0,1
9797.0,1,0,1
9798.0,1,0,1
9800.0,1,0,1
9801.0,2,0,2
9804.0,1,0,1
9809.0,1,0,1
9811.0,1,0,1
9815.0,1,0,1
9818.0,1,0,1
9821.0,1,0,1
9824.0,1,0,1
9827.0,1,0,1
9830.0,2,0,2
9833.0,1,0,1
9835.0,1,0,1
9838.0,1,0,1
9840.0,2,0,2
9841.0,1,0,1
9843.0,1,0,1
9846.0,1,0,1
9850.0,1,0,1
9852.0,1,0,1
9854.0,1,0,1
9856.0,1,0,1
9858.0,1,0,1
9860.0,1,0,1
9862.0,1,0,1
9865.0,1,0,1
9868.0,1,0,1
9872.0,1,0,1
9875.0,1,0,1
9876.0,1,0,1
9880.0,1,0,1
9882.0,1,0,1
9883.0,2,0,2
9885.0,1,0,1
9888.0,1,0,1
9890.0,1,0,1
9892.0,1,0,1
9895.0,1,0,1
9898.0,1,0,1
9900.0,1,0,1
9903.0,1,0,1
9913.0,1,0,1
9917.0,1,0,1
9920.0,1,0,1
9921.0,1,0,1
9923.0,1,0,1
9926.0,1,0,1
9929.0,1,0,1
9932.0,1,0,1
9933.0,1,0,1
9935.0,1,0,1
9938.0,2,0,2
9942.0,1,0,1
9944.0,1,0,1
9947.0,1,0,1
9949.0,1,0,1
9951.0,1,0,1
9957.0,1,0,1
9960.0,1,0,1
9963.0,1,0,1
9966.0,1,0,1
9968.0,1,0,1
9970.0,1,0,1
9972.0,3,0,3
9973.0,1,0,1
9976.0,1,0,1
9978.0,1,0,1
9980.0,1,0,1
9982.0,1,0,1
9983.0,1,0,1
9986.0,1,0,1
9989.0,1,0,1
9995.0,1,0,1
9998.0,1,0,1
10001.0,1,0,1
10004.0,1,0,1
10007.0,1,0,1
10009.0,1,0,1
10012.0,1,0,1
10015.0,1,0,1
10019.0,2,0,2
10020.0,1,0,1
10022.0,1,0,1
10025.0,1,0,1
10028.0,1,0,1
10031.0,2,0,2
10034.0,1,0,1
10038.0,1,0,1
10040.0,1,0,1
10042.0,1,0,1
10045.0,1,0,1
10048.0,1,0,1
10053.0,1,0,1
10057.0,1,0,1
10058.0,2,0,2
10060.0,1,0,1
10061.0,1,0,1
10064.0,1,0,1
10066.0,1,0,1
10068.0,1,0,1
10072.0,1,0,1
10075.0,1,0,1
10078.0,1,0,1
10081.0,2,0,2
10085.0,1,0,1
10088.0,1,0,1
10091.0,1,0,1
10094.0,1,0,1
10096.0,1,0,1
10100.0,1,0,1
10102.0,1,0,1
10104.0,1,0,1
10106.0,1,0,1
10110.0,1,0,1
10116.0,1,0,1
10119.0,1,0,1
10121.0,1,0,1
10124.0,1,0,1
10127.0,1,0,1
10130.0,1,0,1
10133.0,1,0,1
10134.0,1,0,1
10136.0,1,0,1
10140.0,1,0,1
10142.0,1,0,1
10144.0,1,0,1
10146.0,1,0,1
10148.0,1,0,1
10151.0,1,0,1
10155.0,1,0,1
10156.0,1,0,1
10158.0,1,0,1
10161.0,1,0,1
10164.0,1,0,1
10166.0,1,0,1
10168.0,1,0,1
10170.0,1,0,1
10173.0,1,0,1
10178.0,1,0,1
10179.0,1,0,1
10182.0,1,0,1
10185.0,1,0,1
10187.0,1,0,1
10189.0,1,0,1
10190.0,1,0,1
10192.0,1,0,1
10195.0,1,0,1
10198.0,1,0,1
10201.0,1,0,1
10204.0,1,0,1
10207.0,1,0,1
10211.0,1,0,1
10214.0,1,0,1
10217.0,1,0,1
10218.0,1,0,1
10222.0,1,0,1
10224.0,1,0,1
10229.0,1,0,1
10234.0,1,0,1
10238.0,1,0,1
10241.0,1,0,1
10244.0,1,0,1
10247.0,1,0,1
10251.0,1,0,1
10254.0,1,0,1
10256.0,1,0,1
10259.0,1,0,1
10261.0,1,0,1
10263.0,1,0,1
10265.0,1,0,1
10267.0,1,0,1
10269.0,1,0,1
10273.0,1,0,1
10276.0,1,0,1
10279.0,1,0,1
10282.0,1,0,1
10286.0,1,0,1
10291.0,1,0,1
10294.0,1,0,1
10295.0,1,0,1
10298.0,1,0,1
10299.0,1,0,1
10302.0,1,0,1
10307.0,1,0,1
10310.0,1,0,1
10313.0,1,0,1
10315.0,1,0,1
10317.0,1,0,1
10320.0,1,0,1
10322.0,1,0,1
10324.0,1,0,1
10326.0,1,0,1
10330.0,1,0,1
10333.0,1,0,1
10336.0,1,0,1
10339.0,1,0,1
10341.0,1,0,1
10345.0,1,0,1
10347.0,1,0,1
10349.0,1,0,1
10352.0,1,0,1
10355.0,1,0,1
10357.0,1,0,1
10360.0,1,0,1
10363.0,1,0,1
10366.0,1,0,1
10368.0,1,0,1
10369.0,1,0,1
10372.0,1,0,1
10375.0,1,0,1
10378.0,1,0,1
10382.0,1,0,1
10387.0,1,0,1
10390.0,1,0,1
10393.0,1,0,1
10396.0,1,0,1
10399.0,1,0,1
10402.0,2,0,2
10404.0,1,0,1
10406.0,1,0,1
10410.0,1,0,1
10413.0,1,0,1
10416.0,1,0,1
10419.0,1,0,1
10422.0,1,0,1
10425.0,1,0,1
10428.0,1,0,1
10431.0,1,0,1
10434.0,1,0,1
10435.0,1,0,1
10438.0,1,0,1
10440.0,1,0,1
10442.0,1,0,1
10446.0,1,0,1
10448.0,1,0,1
10451.0,1,0,1
10453.0,1,0,1
10456.0,1,0,1
10458.0,1,0,1
10463.0,1,0,1
10467.0,1,0,1
10472.0,2,0,2
10475.0,2,0,2
10478.0,1,0,1
10482.0,2,0,2
10485.0,1,0,1
10488.0,1,0,1
10489.0,1,0,1
10492.0,1,0,1
10496.0,1,0,1
10498.0,1,0,1
10501.0,1,0,1
10504.0,1,0,1
10505.0,1,0,1
10509.0,1,0,1
10513.0,1,0,1
10516.0,1,0,1
10517.0,1,0,1
10521.0,1,0,1
10524.0,1,0,1
10526.0,1,0,1
10532.0,1,0,1
10534.0,1,0,1
10536.0,1,0,1
10539.0,1,0,1
10542.0,1,0,1
10544.0,1,0,1
10546.0,1,0,1
10549.0,1,0,1
10552.0,1,0,1
10555.0,1,0,1
10556.0,1,0,1
10559.0,1,0,1
10561.0,1,0,1
10564.0,1,0,1
10568.0,1,0,1
10571.0,1,0,1
10573.0,1,0,1
10575.0,1,0,1
10578.0,2,0,2
10582.0,1,0,1
10584.0,1,0,1
10586.0,1,0,1
10592.0,1,0,1
10595.0,1,0,1
10600.0,1,0,1
10601.0,1,0,1
10604.0,1,0,1
10606.0,1,0,1
10608.0,1,0,1
10613.0,1,0,1
10617.0,1,0,1
10623.0,1,0,1
10625.0,1,0,1
10629.0,1,0,1
10631.0,1,0,1
10634.0,1,0,1
10639.0,1,0,1
10641.0,1,0,1
10644.0,1,0,1
10647.0,1,0,1
10650.0,1,0,1
10653.0,1,0,1
10657.0,1,0,1
10659.0,1,0,1
10662.0,1,0,1
10665.0,1,0,1
10668.0,1,0,1
10671.0,1,0,1
10674.0,1,0,1
10676.0,1,0,1
10680.0,2,0,2
10683.0,1,0,1
10686.0,1,0,1
10689.0,1,0,1
10692.0,1,0,1
10695.0,1,0,1
10698.0,1,0,1
10701.0,1,0,1
10706.0,1,0,1
10708.0,1,0,1
10711.0,1,0,1
10714.0,1,0,1
10717.0,1,0,1
10722.0,1,0,1
10724.0,1,0,1
10727.0,1,0,1
10730.0,1,0,1
10733.0,1,0,1
10736.0,1,0,1
10739.0,1,0,1
10744.0,1,0,1
10749.0,3,0,3
10751.0,1,0,1
10755.0,1,0,1
10757.0,1,0,1
10760.0,1,0,1
10763.0,1,0,1
10765.0,1,0,1
10768.0,1,0,1
10770.0,1,0,1
10772.0,1,0,1
10775.0,1,0,1
10778.0,1,0,1
10782.0,1,0,1
10785.0,1,0,1
10788.0,1,0,1
10790.0,1,0,1
10792.0,1,0,1
10795.0,1,0,1
10798.0,1,0,1
10801.0,1,0,1
10804.0,1,0,1
10805.0,1,0,1
10808.0,1,0,1
10811.0,1,0,1
10813.0,1,0,1
10816.0,1,0,1
10819.0,1,0,1
10823.0,1,0,1
10829.0,1,0,1
10832.0,1,0,1
10833.0,1,0,1
10835.0,1,0,1
10840.0,1,0,1
10844.0,1,0,1
10847.0,1,0,1
10849.0,1,0,1
10852.0,1,0,1
10855.0,1,0,1
10858.0,1,0,1
10861.0,1,0,1
10864.0,1,0,1
10869.0,1,0,1
10871.0,1,0,1
10872.0,1,0,1
10877.0,1,0,1
10882.0,1,0,1
10885.0,1,0,1
10889.0,1,0,1
10893.0,1,0,1
10897.0,1,0,1
10900.0,1,0,1
10903.0,1,0,1
10906.0,1,0,1
10909.0,1,0,1
10911.0,1,0,1
10913.0,1,0,1
10916.0,1,0,1
10919.0,1,0,1
10922.0,1,0,1
10926.0,1,0,1
10930.0,1,0,1
10934.0,1,0,1
10937.0,1,0,1
10940.0,1,0,1
10943.0,1,0,1
10945.0,1,0,1
10949.0,1,0,1
10953.0,1,0,1
10955.0,1,0,1
10959.0,1,0,1
10962.0,1,0,1
10965.0,1,0,1
10969.0,1,0,1
10972.0,1,0,1
10975.0,1,0,1
10977.0,1,0,1
10980.0,1,0,1
10983.0,1,0,1
10986.0,1,0,1
10990.0,1,0,1
10992.0,1,0,1
10994.0,1,0,1
10997.0,1,0,1
10999.0,1,0,1
11001.0,1,0,1
11004.0,1,0,1
11007.0,1,0,1
11010.0,1,0,1
11014.0,1,0,1
11017.0,1,0,1
11021.0,1,0,1
11026.0,1,0,1
11028.0,1,0,1
11031.0,1,0,1
11034.0,1,0,1
11038.0,1,0,1
11041.0,1,0,1
11043.0,1,0,1
11045.0,1,0,1
11049.0,1,0,1
11053.0,1,0,1
11054.0,1,0,1
11057.0,1,0,1
11060.0,1,0,1
11063.0,1,0,1
11066.0,1,0,1
11069.0,1,0,1
11073.0,1,0,1
11077.0,2,0,2
11080.0,1,0,1
11082.0,1,0,1
11086.0,1,0,1
11089.0,1,0,1
11092.0,1,0,1
11095.0,1,0,1
11098.0,1,0,1
11100.0,1,0,1
11103.0,1,0,1
11106.0,1,0,1
11109.0,1,0,1
11112.0,1,0,1
11115.0,1,0,1
11119.0,1,0,1
11121.0,1,0,1
11124.0,1,0,1
11128.0,1,0,1
11130.0,1,0,1
11134.0,1,0,1
11137.0,1,0,1
11139.0,1,0,1
11142.0,1,0,1
11145.0,1,0,1
11148.0,1,0,1
11151.0,1,0,1
11153.0,1,0,1
11157.0,1,0,1
11161.0,1,0,1
11164.0,1,0,1
11167.0,1,0,1
11170.0,1,0,1
11172.0,1,0,1
11174.0,1,0,1
11178.0,1,0,1
11181.0,1,0,1
11183.0,1,0,1
11187.0,1,0,1
11190.0,1,0,1
11194.0,1,0,1
11197.0,1,0,1
11200.0,1,0,1
11204.0,1,0,1
11210.0,1,0,1
11215.0,1,0,1
11219.0,1,0,1
11222.0,1,0,1
11226.0,1,0,1
11229.0,1,0,1
11233.0,1,0,1
11236.0,1,0,1
11242.0,1,0,1
11245.0,1,0,1
11249.0,1,0,1
11252.0,1,0,1
11255.0,1,0,1
11258.0,1,0,1
11261.0,1,0,1
11264.0,1,0,1
11268.0,1,0,1
11277.0,1,0,1
11280.0,1,0,1
11285.0,1,0,1
11287.0,2,0,2
11290.0,1,0,1
11293.0,1,0,1
11296.0,1,0,1
11300.0,1,0,1
11303.0,1,0,1
11306.0,1,0,1
11310.0,1,0,1
11313.0,1,0,1
11316.0,2,0,2
11319.0,1,0,1
11322.0,1,0,1
11324.0,2,0,2
11328.0,1,0,1
11332.0,1,0,1
11335.0,1,0,1
11338.0,1,0,1
11341.0,1,0,1
11343.0,1,0,1
11346.0,1,0,1
11349.0,1,0,1
11353.0,1,0,1
11355.0,1,0,1
11359.0,1,0,1
11362.0,1,0,1
11366.0,1,0,1
11369.0,2,0,2
11372.0,1,0,1
11375.0,1,0,1
11379.0,1,0,1
11384.0,1,0,1
11386.0,1,0,1
11389.0,1,0,1
11392.0,1,0,1
11395.0,1,0,1
11398.0,1,0,1
11401.0,1,0,1
11404.0,1,0,1
11406.0,1,0,1
11410.0,1,0,1
11414.0,1,0,1
11416.0,1,0,1
11419.0,1,0,1
11422.0,1,0,1
11427.0,1,0,1
11431.0,1,0,1
11434.0,1,0,1
11436.0,1,0,1
11438.0,1,0,1
11442.0,1,0,1
11445.0,1,0,1
11450.0,1,0,1
11453.0,1,0,1
11455.0,1,0,1
11460.0,1,0,1
11463.0,1,0,1
11466.0,1,0,1
11472.0,1,0,1
11475.0,1,0,1
11480.0,1,0,1
11484.0,1,0,1
11487.0,1,0,1
11510.0,1,0,1
11526.0,2,0,2
11572.0,1,0,1
11575.0,1,0,1
11634.0,1,0,1
11637.0,1,0,1
11696.0,2,0,2
11750.0,1,0,1
11763.0,1,0,1
11958.0,1,0,1
16642.0,1,0,1
16644.0,1,0,1
16646.0,1,0,1
16648.0,1,0,1
16652.0,1,0,1
16654.0,1,0,1
16656.0,2,0,2
16658.0,1,0,1
16659.0,1,0,1
16665.0,1,0,1
16667.0,1,0,1
16668.0,1,0,1
16669.0,1,0,1
16671.0,1,0,1
16673.0,1,0,1
16676.0,1,0,1
16679.0,1,0,1
16681.0,1,0,1
16683.0,1,0,1
16685.0,1,0,1
16687.0,1,0,1
16688.0,1,0,1
16690.0,1,0,1
16692.0,1,0,1
16694.0,1,0,1
16696.0,1,0,1
16698.0,1,0,1
16700.0,1,0,1
16703.0,1,0,1
16705.0,1,0,1
16706.0,1,0,1
16707.0,1,0,1
16709.0,1,0,1
16710.0,1,0,1
16713.0,1,0,1
16714.0,1,0,1
16715.0,2,0,2
16718.0,1,0,1
16720.0,1,0,1
16722.0,1,0,1
16723.0,2,0,2
16727.0,1,0,1
16729.0,1,0,1
16731.0,1,0,1
16732.0,1,0,1
16734.0,1,0,1
16736.0,1,0,1
16738.0,2,0,2
16740.0,1,0,1
16741.0,1,0,1
16744.0,1,0,1
16745.0,1,0,1
16746.0,1,0,1
16749.0,1,0,1
16751.0,1,0,1
16753.0,1,0,1
16755.0,1,0,1
16758.0,1,0,1
16760.0,1,0,1
16761.0,1,0,1
16763.0,1,0,1
16765.0,1,0,1
16767.0,1,0,1
16769.0,1,0,1
16771.0,1,0,1
16772.0,1,0,1
16774.0,2,0,2
16776.0,1,0,1
16779.0,1,0,1
16781.0,1,0,1
16783.0,1,0,1
16785.0,1,0,1
16788.0,1,0,1
16789.0,1,0,1
16791.0,1,0,1
16793.0,1,0,1
16794.0,1,0,1
16795.0,1,0,1
16797.0,1,0,1
16799.0,1,0,1
16801.0,1,0,1
16802.0,1,0,1
16804.0,1,0,1
16805.0,1,0,1
16807.0,1,0,1
16809.0,1,0,1
16811.0,1,0,1
16813.0,1,0,1
16814.0,1,0,1
16815.0,1,0,1
16817.0,1,0,1
16819.0,1,0,1
16821.0,1,0,1
16823.0,1,0,1
16826.0,1,0,1
16828.0,1,0,1
16830.0,1,0,1
16832.0,1,0,1
16834.0,1,0,1
16836.0,1,0,1
16838.0,1,0,1
16839.0,1,0,1
16844.0,1,0,1
16846.0,1,0,1
16847.0,1,0,1
16849.0,1,0,1
16851.0,1,0,1
16854.0,1,0,1
16856.0,1,0,1
16858.0,1,0,1
16860.0,1,0,1
16862.0,1,0,1
16864.0,1,0,1
16865.0,1,0,1
16867.0,1,0,1
16869.0,1,0,1
16871.0,1,0,1
16873.0,1,0,1
16875.0,1,0,1
16877.0,1,0,1
16879.0,1,0,1
16882.0,1,0,1
16886.0,1,0,1
16887.0,1,0,1
16889.0,1,0,1
16892.0,1,0,1
16893.0,1,0,1
16895.0,1,0,1
16898.0,1,0,1
16900.0,1,0,1
16902.0,1,0,1
16904.0,1,0,1
16906.0,1,0,1
16907.0,1,0,1
16909.0,1,0,1
16911.0,1,0,1
16912.0,1,0,1
16914.0,1,0,1
16918.0,2,0,2
16920.0,1,0,1
16921.0,1,0,1
16923.0,1,0,1
16926.0,1,0,1
16927.0,2,0,2
16929.0,1,0,1
16932.0,1,0,1
16933.0,1,0,1
16935.0,1,0,1
16937.0,1,0,1
16940.0,1,0,1
16941.0,1,0,1
16943.0,2,0,2
16945.0,1,0,1
16947.0,1,0,1
16950.0,1,0,1
16951.0,1,0,1
16953.0,1,0,1
16956.0,1,0,1
16958.0,1,0,1
16959.0,1,0,1
16960.0,1,0,1
16963.0,1,0,1
16965.0,1,0,1
16968.0,1,0,1
16970.0,1,0,1
16972.0,1,0,1
16973.0,1,0,1
16975.0,1,0,1
16977.0,1,0,1
16979.0,1,0,1
16982.0,1,0,1
16984.0,1,0,1
16987.0,1,0,1
16989.0,1,0,1
16991.0,1,0,1
16992.0,1,0,1
16994.0,1,0,1
16996.0,1,0,1
16998.0,1,0,1
17002.0,1,0,1
17003.0,1,0,1
17008.0,1,0,1
17010.0,1,0,1
17012.0,1,0,1
17014.0,1,0,1
17016.0,1,0,1
17018.0,1,0,1
17021.0,1,0,1
17025.0,1,0,1
17027.0,1,0,1
17029.0,1,0,1
17030.0,1,0,1
17032.0,1,0,1
17033.0,1,0,1
17035.0,1,0,1
17037.0,1,0,1
17039.0,1,0,1
17041.0,1,0,1
17043.0,1,0,1
17045.0,1,0,1
17047.0,1,0,1
17049.0,1,0,1
17051.0,1,0,1
17053.0,1,0,1
17054.0,1,0,1
17056.0,1,0,1
17058.0,1,0,1
17060.0,1,0,1
17062.0,1,0,1
17064.0,1,0,1
17066.0,1,0,1
17068.0,1,0,1
17070.0,1,0,1
17072.0,1,0,1
17073.0,1,0,1
17074.0,1,0,1
17077.0,1,0,1
17079.0,1,0,1
17080.0,1,0,1
17082.0,1,0,1
17084.0,1,0,1
17086.0,1,0,1
17090.0,1,0,1
17093.0,1,0,1
17094.0,1,0,1
17097.0,1,0,1
17098.0,1,0,1
17100.0,1,0,1
17102.0,1,0,1
17104.0,1,0,1
17106.0,2,0,2
17108.0,1,0,1
17110.0,1,0,1
17112.0,1,0,1
17114.0,1,0,1
17116.0,1,0,1
17118.0,1,0,1
17120.0,1,0,1
17122.0,2,0,2
17127.0,1,0,1
17129.0,1,0,1
17131.0,1,0,1
17133.0,1,0,1
17135.0,1,0,1
17137.0,1,0,1
17140.0,1,0,1
17142.0,1,0,1
17144.0,1,0,1
17146.0,1,0,1
17148.0,1,0,1
17149.0,1,0,1
17151.0,1,0,1
17153.0,1,0,1
17155.0,1,0,1
17157.0,1,0,1
17159.0,1,0,1
17161.0,1,0,1
17163.0,1,0,1
17165.0,1,0,1
17166.0,1,0,1
17169.0,1,0,1
17173.0,1,0,1
17175.0,1,0,1
17180.0,1,0,1
17182.0,1,0,1
17183.0,1,0,1
17185.0,1,0,1
17186.0,1,0,1
17188.0,1,0,1
17190.0,1,0,1
17192.0,1,0,1
17194.0,1,0,1
17195.0,1,0,1
17197.0,1,0,1
17200.0,1,0,1
17203.0,1,0,1
17204.0,1,0,1
17206.0,1,0,1
17208.0,1,0,1
17210.0,1,0,1
17213.0,1,0,1
17215.0,1,0,1
17217.0,2,0,2
17219.0,1,0,1
17221.0,1,0,1
17223.0,1,0,1
17225.0,1,0,1
17226.0,1,0,1
17228.0,1,0,1
17229.0,1,0,1
17231.0,1,0,1
17233.0,1,0,1
17236.0,1,0,1
17238.0,1,0,1
17240.0,1,0,1
17242.0,1,0,1
17243.0,1,0,1
17245.0,1,0,1
17247.0,1,0,1
17249.0,1,0,1
17250.0,1,0,1
17252.0,2,0,2
17254.0,1,0,1
17256.0,1,0,1
17258.0,2,0,2
17260.0,1,0,1
17264.0,1,0,1
17267.0,2,0,2
17268.0,1,0,1
17270.0,1,0,1
17271.0,2,0,2
17273.0,1,0,1
17275.0,1,0,1
17277.0,1,0,1
17281.0,1,0,1
17283.0,1,0,1
17286.0,1,0,1
17289.0,1,0,1
17291.0,1,0,1
17294.0,1,0,1
17296.0,1,0,1
17298.0,1,0,1
17300.0,1,0,1
17303.0,1,0,1
17304.0,1,0,1
17306.0,1,0,1
17307.0,1,0,1
17309.0,1,0,1
17310.0,1,0,1
17312.0,2,0,2
17314.0,1,0,1
17316.0,1,0,1
17318.0,1,0,1
17319.0,1,0,1
17321.0,1,0,1
17323.0,1,0,1
17325.0,1,0,1
17327.0,1,0,1
17329.0,1,0,1
17331.0,1,0,1
17332.0,1,0,1
17333.0,1,0,1
17335.0,1,0,1
17338.0,1,0,1
17340.0,1,0,1
17342.0,1,0,1
17344.0,1,0,1
17346.0,1,0,1
17347.0,1,0,1
17349.0,1,0,1
17351.0,1,0,1
17353.0,1,0,1
17355.0,1,0,1
17357.0,1,0,1
17358.0,1,0,1
17359.0,1,0,1
17361.0,1,0,1
17364.0,1,0,1
17366.0,1,0,1
17368.0,1,0,1
17370.0,1,0,1
17372.0,1,0,1
17374.0,1,0,1
17375.0,2,0,2
17377.0,1,0,1
17379.0,1,0,1
17381.0,1,0,1
17383.0,2,0,2
17385.0,1,0,1
17387.0,1,0,1
17389.0,1,0,1
17390.0,1,0,1
17391.0,1,0,1
17393.0,1,0,1
17395.0,1,0,1
17397.0,1,0,1
17399.0,1,0,1
17401.0,1,0,1
17402.0,1,0,1
17404.0,1,0,1
17406.0,2,0,2
17408.0,1,0,1
17409.0,1,0,1
17411.0,1,0,1
17412.0,1,0,1
17414.0,1,0,1
17416.0,1,0,1
17417.0,1,0,1
17419.0,1,0,1
17420.0,1,0,1
17422.0,1,0,1
17424.0,1,0,1
17425.0,1,0,1
17427.0,1,0,1
17429.0,1,0,1
17430.0,1,0,1
17432.0,1,0,1
17433.0,1,0,1
17434.0,1,0,1
17436.0,1,0,1
17439.0,1,0,1
17441.0,2,0,2
17443.0,1,0,1
17444.0,1,0,1
17446.0,1,0,1
17448.0,1,0,1
17451.0,1,0,1
17454.0,1,0,1
17456.0,2,0,2
17459.0,1,0,1
17461.0,1,0,1
17463.0,1,0,1
17465.0,1,0,1
17466.0,1,0,1
17468.0,1,0,1
17469.0,1,0,1
17470.0,2,0,2
17472.0,1,0,1
17474.0,1,0,1
17476.0,1,0,1
17478.0,1,0,1
17479.0,1,0,1
17481.0,1,0,1
17483.0,1,0,1
17485.0,1,0,1
17487.0,1,0,1
17491.0,2,0,2
17493.0,1,0,1
17495.0,1,0,1
17497.0,1,0,1
17499.0,1,0,1
17501.0,1,0,1
17502.0,1,0,1
17504.0,1,0,1
17506.0,2,0,2
17507.0,1,0,1
17509.0,1,0,1
17511.0,1,0,1
17514.0,1,0,1
17516.0,1,0,1
17517.0,1,0,1
17522.0,1,0,1
17523.0,1,0,1
17525.0,1,0,1
17526.0,1,0,1
17528.0,1,0,1
17530.0,1,0,1
17531.0,2,0,2
17532.0,1,0,1
17534.0,1,0,1
17535.0,1,0,1
17537.0,1,0,1
17539.0,1,0,1
17542.0,1,0,1
17544.0,1,0,1
17546.0,1,0,1
17548.0,2,0,2
17550.0,1,0,1
17552.0,1,0,1
17554.0,2,0,2
17556.0,1,0,1
17558.0,1,0,1
17560.0,1,0,1
17562.0,2,0,2
17565.0,2,0,2
17567.0,1,0,1
17568.0,1,0,1
17570.0,1,0,1
17572.0,1,0,1
17573.0,1,0,1
17575.0,1,0,1
17577.0,1,0,1
17578.0,1,0,1
17580.0,1,0,1
17582.0,1,0,1
17584.0,1,0,1
17586.0,1,0,1
17587.0,1,0,1
17588.0,1,0,1
17589.0,1,0,1
17590.0,1,0,1
17592.0,1,0,1
17594.0,1,0,1
17596.0,1,0,1
17598.0,1,0,1
17600.0,1,0,1
17602.0,1,0,1
17604.0,1,0,1
17605.0,1,0,1
17606.0,1,0,1
17607.0,1,0,1
17609.0,1,0,1
17611.0,1,0,1
17612.0,1,0,1
17614.0,1,0,1
17617.0,1,0,1
17619.0,1,0,1
17621.0,1,0,1
17626.0,1,0,1
17627.0,2,0,2
17629.0,2,0,2
17631.0,1,0,1
17633.0,1,0,1
17637.0,1,0,1
17639.0,1,0,1
17641.0,1,0,1
17642.0,1,0,1
17643.0,1,0,1
17645.0,2,0,2
17647.0,1,0,1
17649.0,1,0,1
17651.0,1,0,1
17652.0,1,0,1
17654.0,1,0,1
17655.0,1,0,1
17656.0,1,0,1
17657.0,1,0,1
17659.0,1,0,1
17660.0,1,0,1
17663.0,1,0,1
17665.0,1,0,1
17667.0,1,0,1
17669.0,1,0,1
17671.0,1,0,1
17672.0,1,0,1
17674.0,1,0,1
17675.0,1,0,1
17677.0,1,0,1
17680.0,1,0,1
17683.0,1,0,1
17686.0,1,0,1
17688.0,1,0,1
17690.0,1,0,1
17692.0,1,0,1
17694.0,2,0,2
17696.0,1,0,1
17697.0,1,0,1
17699.0,1,0,1
17701.0,1,0,1
17703.0,2,0,2
17705.0,1,0,1
17707.0,1,0,1
17709.0,1,0,1
17712.0,2,0,2
17715.0,1,0,1
17719.0,1,0,1
17721.0,1,0,1
17723.0,1,0,1
17725.0,1,0,1
17726.0,1,0,1
17728.0,1,0,1
17730.0,1,0,1
17732.0,1,0,1
17734.0,1,0,1
17735.0,1,0,1
17737.0,1,0,1
17739.0,1,0,1
17741.0,1,0,1
17743.0,1,0,1
17744.0,1,0,1
17747.0,1,0,1
17748.0,1,0,1
17750.0,1,0,1
17751.0,2,0,2
17753.0,1,0,1
17755.0,1,0,1
17756.0,1,0,1
17758.0,1,0,1
17759.0,1,0,1
17761.0,1,0,1
17763.0,1,0,1
17766.0,1,0,1
17767.0,1,0,1
17771.0,1,0,1
17774.0,1,0,1
17776.0,1,0,1
17778.0,1,0,1
17780.0,1,0,1
17782.0,1,0,1
17784.0,1,0,1
17785.0,1,0,1
17787.0,2,0,2
17789.0,1,0,1
17791.0,1,0,1
17793.0,1,0,1
17795.0,1,0,1
17798.0,1,0,1
17799.0,2,0,2
17801.0,1,0,1
17803.0,1,0,1
17806.0,1,0,1
17808.0,1,0,1
17811.0,1,0,1
17813.0,1,0,1
17815.0,1,0,1
17817.0,1,0,1
17820.0,1,0,1
17821.0,1,0,1
17822.0,1,0,1
17825.0,1,0,1
17827.0,1,0,1
17830.0,1,0,1
17831.0,1,0,1
17833.0,1,0,1
17835.0,1,0,1
17838.0,1,0,1
17839.0,1,0,1
17840.0,1,0,1
17842.0,1,0,1
17844.0,1,0,1
17847.0,1,0,1
17849.0,1,0,1
17855.0,1,0,1
17857.0,1,0,1
17860.0,1,0,1
17862.0,1,0,1
17863.0,1,0,1
17865.0,1,0,1
17866.0,1,0,1
17868.0,1,0,1
17870.0,1,0,1
17872.0,1,0,1
17873.0,1,0,1
17875.0,1,0,1
17877.0,1,0,1
17878.0,1,0,1
17882.0,1,0,1
17884.0,1,0,1
17886.0,1,0,1
17889.0,1,0,1
17890.0,1,0,1
17892.0,1,0,1
17895.0,1,0,1
17898.0,1,0,1
17900.0,1,0,1
17902.0,1,0,1
17904.0,1,0,1
17906.0,1,0,1
17908.0,1,0,1
17910.0,1,0,1
17912.0,1,0,1
17914.0,1,0,1
17916.0,2,0,2
17918.0,1,0,1
17920.0,1,0,1
17923.0,1,0,1
17925.0,1,0,1
17927.0,1,0,1
17928.0,1,0,1
17930.0,1,0,1
17933.0,1,0,1
17935.0,1,0,1
17938.0,1,0,1
17940.0,1,0,1
17941.0,2,0,2
17943.0,1,0,1
17944.0,1,0,1
17946.0,1,0,1
17950.0,1,0,1
17952.0,1,0,1
17954.0,1,0,1
17956.0,1,0,1
17957.0,1,0,1
17959.0,1,0,1
17961.0,1,0,1
17963.0,1,0,1
17964.0,2,0,2
17966.0,1,0,1
17968.0,1,0,1
17970.0,1,0,1
17971.0,1,0,1
17973.0,1,0,1
17975.0,1,0,1
17978.0,1,0,1
17981.0,1,0,1
17982.0,1,0,1
17984.0,1,0,1
17986.0,1,0,1
17988.0,1,0,1
17989.0,1,0,1
17990.0,1,0,1
17991.0,1,0,1
17993.0,1,0,1
17995.0,1,0,1
17997.0,1,0,1
17999.0,1,0,1
18001.0,1,0,1
18004.0,1,0,1
18005.0,1,0,1
18008.0,1,0,1
18009.0,1,0,1
18011.0,1,0,1
18013.0,1,0,1
18016.0,1,0,1
18018.0,1,0,1
18020.0,1,0,1
18022.0,1,0,1
18024.0,1,0,1
18026.0,1,0,1
18027.0,1,0,1
18030.0,1,0,1
18033.0,1,0,1
18034.0,1,0,1
18036.0,1,0,1
18040.0,1,0,1
18042.0,1,0,1
18043.0,1,0,1
18045.0,1,0,1
18047.0,1,0,1
18049.0,1,0,1
18051.0,1,0,1
18053.0,1,0,1
18055.0,1,0,1
18057.0,1,0,1
18060.0,1,0,1
18061.0,1,0,1
18063.0,1,0,1
18066.0,1,0,1
18068.0,1,0,1
18073.0,1,0,1
18075.0,1,0,1
18077.0,1,0,1
18079.0,1,0,1
18081.0,1,0,1
18083.0,2,0,2
18088.0,1,0,1
18090.0,1,0,1
18092.0,1,0,1
18094.0,1,0,1
18096.0,1,0,1
18098.0,1,0,1
18099.0,1,0,1
18101.0,1,0,1
18102.0,1,0,1
18105.0,1,0,1
18106.0,1,0,1
18108.0,1,0,1
18110.0,1,0,1
18112.0,1,0,1
18113.0,2,0,2
18115.0,1,0,1
18116.0,1,0,1
18117.0,1,0,1
18119.0,1,0,1
18120.0,1,0,1
18122.0,1,0,1
18124.0,1,0,1
18126.0,1,0,1
18128.0,1,0,1
18130.0,1,0,1
18132.0,1,0,1
18136.0,1,0,1
18138.0,1,0,1
18140.0,1,0,1
18142.0,1,0,1
18144.0,1,0,1
18145.0,1,0,1
18147.0,1,0,1
18149.0,1,0,1
18152.0,1,0,1
18154.0,1,0,1
18155.0,1,0,1
18157.0,1,0,1
18159.0,1,0,1
18161.0,1,0,1
18163.0,1,0,1
18164.0,1,0,1
18166.0,1,0,1
18168.0,1,0,1
18169.0,1,0,1
18171.0,1,0,1
18172.0,2,0,2
18173.0,2,0,2
18174.0,1,0,1
18181.0,1,0,1
18182.0,1,0,1
18184.0,1,0,1
18187.0,1,0,1
18188.0,1,0,1
18190.0,2,0,2
18192.0,1,0,1
18194.0,1,0,1
18196.0,1,0,1
18198.0,1,0,1
18202.0,1,0,1
18204.0,1,0,1
18205.0,1,0,1
18207.0,1,0,1
18209.0,1,0,1
18211.0,1,0,1
18213.0,1,0,1
18215.0,1,0,1
18216.0,1,0,1
18219.0,1,0,1
18221.0,1,0,1
18224.0,1,0,1
18225.0,1,0,1
18226.0,1,0,1
18228.0,1,0,1
18229.0,1,0,1
18231.0,1,0,1
18233.0,1,0,1
18235.0,1,0,1
18236.0,1,0,1
18238.0,1,0,1
18240.0,1,0,1
18242.0,1,0,1
18244.0,1,0,1
18246.0,1,0,1
18247.0,1,0,1
18249.0,1,0,1
18251.0,1,0,1
18253.0,1,0,1
18255.0,1,0,1
18256.0,1,0,1
18258.0,1,0,1
18259.0,1,0,1
18260.0,1,0,1
18262.0,1,0,1
18263.0,1,0,1
18265.0,1,0,1
18267.0,1,0,1
18269.0,1,0,1
18271.0,1,0,1
18273.0,1,0,1
18275.0,2,0,2
18276.0,1,0,1
18278.0,1,0,1
18280.0,1,0,1
18282.0,1,0,1
18284.0,1,0,1
18286.0,1,0,1
18288.0,1,0,1
18289.0,1,0,1
18291.0,1,0,1
18292.0,1,0,1
18294.0,1,0,1
18296.0,1,0,1
18297.0,1,0,1
18299.0,1,0,1
18304.0,1,0,1
18305.0,1,0,1
18307.0,1,0,1
18309.0,1,0,1
18312.0,1,0,1
18315.0,2,0,2
18317.0,1,0,1
18319.0,2,0,2
18321.0,2,0,2
18323.0,1,0,1
18324.0,1,0,1
18327.0,1,0,1
18329.0,1,0,1
18331.0,1,0,1
18333.0,1,0,1
18335.0,1,0,1
18336.0,1,0,1
18338.0,1,0,1
18339.0,1,0,1
18341.0,1,0,1
18343.0,1,0,1
18345.0,1,0,1
18347.0,1,0,1
18351.0,1,0,1
18353.0,1,0,1
18355.0,1,0,1
18357.0,2,0,2
18358.0,1,0,1
18360.0,1,0,1
18363.0,1,0,1
18364.0,1,0,1
18366.0,2,0,2
18369.0,1,0,1
18371.0,1,0,1
18373.0,1,0,1
18375.0,1,0,1
18376.0,2,0,2
18378.0,1,0,1
18379.0,1,0,1
18381.0,1,0,1
18383.0,1,0,1
18384.0,1,0,1
18385.0,1,0,1
18386.0,1,0,1
18388.0,1,0,1
18390.0,1,0,1
18392.0,1,0,1
18393.0,1,0,1
18395.0,1,0,1
18397.0,2,0,2
18398.0,1,0,1
18400.0,1,0,1
18401.0,1,0,1
18404.0,1,0,1
18406.0,1,0,1
18408.0,1,0,1
18410.0,1,0,1
18413.0,1,0,1
18414.0,1,0,1
18416.0,1,0,1
18419.0,1,0,1
18420.0,1,0,1
18422.0,1,0,1
18426.0,1,0,1
18428.0,1,0,1
18430.0,1,0,1
18432.0,1,0,1
18433.0,1,0,1
18435.0,1,0,1
18436.0,1,0,1
18438.0,1,0,1
18440.0,1,0,1
18442.0,1,0,1
18444.0,1,0,1
18446.0,1,0,1
18450.0,1,0,1
18451.0,1,0,1
18452.0,1,0,1
18454.0,1,0,1
18457.0,1,0,1
18458.0,1,0,1
18460.0,1,0,1
18462.0,1,0,1
18466.0,1,0,1
18468.0,1,0,1
18470.0,1,0,1
18472.0,1,0,1
18473.0,2,0,2
18475.0,1,0,1
18476.0,1,0,1
18478.0,1,0,1
18479.0,1,0,1
18481.0,1,0,1
18483.0,1,0,1
18485.0,1,0,1
18487.0,1,0,1
18488.0,1,0,1
18490.0,1,0,1
18494.0,1,0,1
18496.0,1,0,1
18498.0,1,0,1
18502.0,1,0,1
18504.0,1,0,1
18506.0,1,0,1
18508.0,1,0,1
18511.0,1,0,1
18513.0,1,0,1
18514.0,1,0,1
18516.0,1,0,1
18518.0,1,0,1
18520.0,2,0,2
18522.0,1,0,1
18523.0,1,0,1
18525.0,1,0,1
18527.0,1,0,1
18530.0,1,0,1
18532.0,1,0,1
18533.0,1,0,1
18535.0,1,0,1
18537.0,1,0,1
18539.0,1,0,1
18541.0,1,0,1
18543.0,1,0,1
18545.0,2,0,2
18547.0,1,0,1
18551.0,1,0,1
18553.0,1,0,1
18556.0,1,0,1
18558.0,1,0,1
18560.0,1,0,1
18562.0,1,0,1
18563.0,1,0,1
18564.0,1,0,1
18566.0,1,0,1
18568.0,2,0,2
18570.0,1,0,1
18571.0,1,0,1
18573.0,1,0,1
18575.0,2,0,2
18576.0,1,0,1
18578.0,2,0,2
18579.0,1,0,1
18581.0,1,0,1
18582.0,1,0,1
18583.0,1,0,1
18585.0,1,0,1
18589.0,1,0,1
18590.0,1,0,1
18592.0,1,0,1
18594.0,1,0,1
18595.0,1,0,1
18597.0,1,0,1
18599.0,1,0,1
18601.0,1,0,1
18603.0,1,0,1
18605.0,1,0,1
18607.0,1,0,1
18608.0,1,0,1
18609.0,1,0,1
18611.0,1,0,1
18613.0,2,0,2
18615.0,1,0,1
18617.0,1,0,1
18620.0,1,0,1
18622.0,1,0,1
18624.0,1,0,1
18627.0,1,0,1
18629.0,1,0,1
18631.0,2,0,2
18632.0,1,0,1
18634.0,1,0,1
18635.0,1,0,1
18637.0,1,0,1
18639.0,1,0,1
18641.0,1,0,1
18643.0,1,0,1
18645.0,1,0,1
18646.0,1,0,1
18648.0,1,0,1
18650.0,1,0,1
18652.0,1,0,1
18654.0,1,0,1
18656.0,1,0,1
18658.0,1,0,1
18660.0,1,0,1
18662.0,1,0,1
18664.0,1,0,1
18666.0,1,0,1
18667.0,1,0,1
18669.0,1,0,1
18671.0,1,0,1
18672.0,1,0,1
18674.0,1,0,1
18676.0,1,0,1
18678.0,1,0,1
18680.0,1,0,1
18682.0,1,0,1
18684.0,1,0,1
18685.0,1,0,1
18686.0,1,0,1
18688.0,1,0,1
18690.0,2,0,2
18691.0,1,0,1
18693.0,1,0,1
18695.0,1,0,1
18697.0,1,0,1
18700.0,1,0,1
18702.0,1,0,1
18704.0,1,0,1
18706.0,1,0,1
18707.0,1,0,1
18708.0,1,0,1
18710.0,1,0,1
18711.0,1,0,1
18713.0,1,0,1
18714.0,1,0,1
18715.0,1,0,1
18721.0,1,0,1
18723.0,1,0,1
18725.0,1,0,1
18727.0,1,0,1
18729.0,1,0,1
18730.0,1,0,1
18731.0,1,0,1
18733.0,1,0,1
18737.0,1,0,1
18739.0,1,0,1
18742.0,1,0,1
18744.0,1,0,1
18747.0,1,0,1
18750.0,1,0,1
18752.0,1,0,1
18753.0,2,0,2
18755.0,1,0,1
18756.0,1,0,1
18757.0,1,0,1
18759.0,1,0,1
18762.0,1,0,1
18763.0,1,0,1
18765.0,1,0,1
18767.0,1,0,1
18769.0,1,0,1
18771.0,1,0,1
18773.0,1,0,1
18775.0,1,0,1
18777.0,1,0,1
18779.0,1,0,1
18781.0,1,0,1
18783.0,1,0,1
18786.0,1,0,1
18788.0,1,0,1
18791.0,1,0,1
18793.0,1,0,1
18795.0,1,0,1
18797.0,1,0,1
18799.0,1,0,1
18801.0,1,0,1
18802.0,1,0,1
18804.0,1,0,1
18805.0,1,0,1
18807.0,1,0,1
18809.0,1,0,1
18811.0,1,0,1
18813.0,1,0,1
18816.0,1,0,1
18819.0,1,0,1
18822.0,1,0,1
18823.0,1,0,1
18824.0,1,0,1
18826.0,1,0,1
18828.0,1,0,1
18829.0,1,0,1
18831.0,1,0,1
18834.0,1,0,1
18835.0,1,0,1
18836.0,1,0,1
18839.0,2,0,2
18842.0,1,0,1
18845.0,1,0,1
18846.0,1,0,1
18848.0,1,0,1
18849.0,1,0,1
18852.0,1,0,1
18853.0,1,0,1
18857.0,1,0,1
18859.0,1,0,1
18861.0,1,0,1
18863.0,1,0,1
18866.0,1,0,1
18867.0,1,0,1
18870.0,1,0,1
18872.0,1,0,1
18874.0,1,0,1
18876.0,1,0,1
18878.0,1,0,1
18880.0,1,0,1
18882.0,1,0,1
18884.0,1,0,1
18886.0,1,0,1
18888.0,1,0,1
18890.0,1,0,1
18892.0,1,0,1
18894.0,1,0,1
18896.0,1,0,1
18898.0,1,0,1
18899.0,1,0,1
18900.0,1,0,1
18902.0,1,0,1
18903.0,1,0,1
18905.0,1,0,1
18907.0,1,0,1
18909.0,1,0,1
18910.0,1,0,1
18912.0,1,0,1
18914.0,1,0,1
18917.0,1,0,1
18919.0,1,0,1
18921.0,1,0,1
18924.0,1,0,1
18928.0,1,0,1
18929.0,1,0,1
18931.0,1,0,1
18932.0,1,0,1
18934.0,1,0,1
18936.0,1,0,1
18939.0,1,0,1
18940.0,1,0,1
18942.0,1,0,1
18945.0,1,0,1
18947.0,1,0,1
18949.0,1,0,1
18953.0,1,0,1
18955.0,1,0,1
18957.0,1,0,1
18959.0,1,0,1
18960.0,1,0,1
18962.0,1,0,1
18965.0,1,0,1
18967.0,1,0,1
18969.0,1,0,1
18970.0,1,0,1
18972.0,1,0,1
18973.0,1,0,1
18974.0,1,0,1
18975.0,1,0,1
18977.0,1,0,1
18979.0,1,0,1
18981.0,1,0,1
18983.0,1,0,1
18985.0,1,0,1
18988.0,1,0,1
18989.0,1,0,1
18991.0,1,0,1
18993.0,1,0,1
18996.0,1,0,1
18998.0,1,0,1
19000.0,1,0,1
19002.0,1,0,1
19004.0,1,0,1
19006.0,1,0,1
19007.0,1,0,1
19008.0,1,0,1
19010.0,1,0,1
19013.0,1,0,1
19014.0,1,0,1
19016.0,1,0,1
19018.0,1,0,1
19019.0,1,0,1
19020.0,1,0,1
19022.0,1,0,1
19024.0,1,0,1
19026.0,1,0,1
19029.0,1,0,1
19032.0,1,0,1
19036.0,1,0,1
19038.0,1,0,1
19041.0,1,0,1
19042.0,1,0,1
19044.0,1,0,1
19046.0,1,0,1
19048.0,1,0,1
19050.0,1,0,1
19051.0,1,0,1
19052.0,1,0,1
19054.0,1,0,1
19055.0,1,0,1
19056.0,1,0,1
19057.0,1,0,1
19059.0,1,0,1
19061.0,1,0,1
19062.0,1,0,1
19066.0,1,0,1
19067.0,1,0,1
19069.0,1,0,1
19071.0,1,0,1
19073.0,1,0,1
19074.0,1,0,1
19076.0,1,0,1
19077.0,1,0,1
19079.0,1,0,1
19080.0,1,0,1
19082.0,1,0,1
19084.0,1,0,1
19086.0,1,0,1
19090.0,1,0,1
19093.0,1,0,1
19095.0,1,0,1
19097.0,1,0,1
19099.0,1,0,1
19102.0,1,0,1
19103.0,2,0,2
19105.0,1,0,1
19106.0,1,0,1
19108.0,1,0,1
19110.0,1,0,1
19112.0,1,0,1
19114.0,1,0,1
19115.0,1,0,1
19117.0,1,0,1
19118.0,1,0,1
19119.0,1,0,1
19121.0,1,0,1
19124.0,1,0,1
19126.0,1,0,1
19128.0,1,0,1
19131.0,1,0,1
19133.0,1,0,1
19136.0,1,0,1
19138.0,1,0,1
19140.0,1,0,1
19141.0,1,0,1
19144.0,1,0,1
19146.0,1,0,1
19148.0,1,0,1
19150.0,1,0,1
19152.0,1,0,1
19154.0,1,0,1
19156.0,1,0,1
19157.0,1,0,1
19159.0,1,0,1
19161.0,1,0,1
19163.0,1,0,1
19165.0,1,0,1
19166.0,1,0,1
19168.0,1,0,1
19172.0,1,0,1
19174.0,1,0,1
19176.0,1,0,1
19177.0,1,0,1
19179.0,1,0,1
19181.0,1,0,1
19184.0,1,0,1
19186.0,1,0,1
19188.0,1,0,1
19192.0,1,0,1
19193.0,1,0,1
19198.0,1,0,1
19201.0,1,0,1
19202.0,1,0,1
19203.0,1,0,1
19204.0,1,0,1
19208.0,1,0,1
19210.0,2,0,2
19212.0,1,0,1
19213.0,2,0,2
19216.0,1,0,1
19218.0,1,0,1
19222.0,1,0,1
19224.0,1,0,1
19226.0,1,0,1
19228.0,1,0,1
19229.0,1,0,1
19231.0,1,0,1
19234.0,1,0,1
19236.0,1,0,1
19238.0,1,0,1
19240.0,2,0,2
19242.0,1,0,1
19245.0,1,0,1
19247.0,1,0,1
19248.0,1,0,1
19250.0,1,0,1
19253.0,1,0,1
19255.0,1,0,1
19257.0,1,0,1
19258.0,1,0,1
19260.0,1,0,1
19263.0,1,0,1
19265.0,1,0,1
19267.0,1,0,1
19269.0,1,0,1
19271.0,1,0,1
19273.0,1,0,1
19275.0,1,0,1
19277.0,1,0,1
19279.0,1,0,1
19281.0,1,0,1
19282.0,1,0,1
19286.0,1,0,1
19288.0,1,0,1
19289.0,1,0,1
19292.0,1,0,1
19294.0,1,0,1
19296.0,1,0,1
19299.0,1,0,1
19300.0,1,0,1
19301.0,1,0,1
19303.0,1,0,1
19305.0,1,0,1
19307.0,1,0,1
19309.0,1,0,1
19311.0,1,0,1
19314.0,1,0,1
19316.0,1,0,1
19318.0,1,0,1
19320.0,1,0,1
19322.0,1,0,1
19324.0,1,0,1
19328.0,1,0,1
19329.0,1,0,1
19331.0,1,0,1
19333.0,1,0,1
19335.0,1,0,1
19336.0,1,0,1
19338.0,1,0,1
19340.0,1,0,1
19341.0,1,0,1
19345.0,1,0,1
19347.0,2,0,2
19349.0,1,0,1
19351.0,1,0,1
19354.0,1,0,1
19356.0,1,0,1
19358.0,1,0,1
19360.0,1,0,1
19362.0,1,0,1
19364.0,1,0,1
19366.0,1,0,1
19368.0,1,0,1
19370.0,1,0,1
19372.0,1,0,1
19376.0,1,0,1
19379.0,1,0,1
19381.0,1,0,1
19382.0,1,0,1
19384.0,1,0,1
19386.0,1,0,1
19390.0,1,0,1
19393.0,1,0,1
19394.0,1,0,1
19397.0,1,0,1
19398.0,1,0,1
19400.0,1,0,1
19401.0,1,0,1
19402.0,1,0,1
19405.0,1,0,1
19408.0,1,0,1
19410.0,1,0,1
19412.0,1,0,1
19414.0,1,0,1
19416.0,1,0,1
19418.0,1,0,1
19420.0,1,0,1
19422.0,1,0,1
19425.0,1,0,1
19428.0,1,0,1
19429.0,1,0,1
19431.0,1,0,1
19433.0,1,0,1
19435.0,1,0,1
19437.0,1,0,1
19438.0,1,0,1
19442.0,1,0,1
19444.0,1,0,1
19446.0,1,0,1
19447.0,1,0,1
19449.0,1,0,1
19451.0,1,0,1
19454.0,1,0,1
19456.0,1,0,1
19457.0,1,0,1
19459.0,2,0,2
19461.0,1,0,1
19463.0,1,0,1
19465.0,1,0,1
19467.0,1,0,1
19469.0,1,0,1
19471.0,11,0,11
19473.0,1,0,1
19475.0,1,0,1
19477.0,1,0,1
19479.0,2,0,2
19481.0,2,0,2
19483.0,1,0,1
19484.0,1,0,1
19485.0,1,0,1
19487.0,1,0,1
19488.0,1,0,1
19490.0,2,0,2
19492.0,2,0,2
19494.0,2,0,2
19496.0,1,0,1
19498.0,1,0,1
19499.0,1,0,1
19500.0,1,0,1
19505.0,1,0,1
19506.0,1,0,1
19508.0,1,0,1
19510.0,1,0,1
19512.0,1,0,1
19514.0,1,0,1
19515.0,2,0,2
19516.0,1,0,1
19518.0,1,0,1
19520.0,2,0,2
19522.0,1,0,1
19523.0,2,0,2
19527.0,1,0,1
19530.0,1,0,1
19531.0,1,0,1
19534.0,1,0,1
19535.0,1,0,1
19537.0,1,0,1
19538.0,1,0,1
19540.0,2,0,2
19542.0,1,0,1
19544.0,1,0,1
19546.0,1,0,1
19547.0,1,0,1
19551.0,1,0,1
19553.0,1,0,1
19555.0,1,0,1
19557.0,1,0,1
19558.0,1,0,1
19560.0,1,0,1
19562.0,1,0,1
19563.0,1,0,1
19565.0,1,0,1
19567.0,2,0,2
19568.0,1,0,1
19571.0,1,0,1
19574.0,1,0,1
19576.0,1,0,1
19577.0,1,0,1
19578.0,1,0,1
19580.0,1,0,1
19582.0,1,0,1
19585.0,1,0,1
19587.0,1,0,1
19589.0,1,0,1
19593.0,1,0,1
19595.0,1,0,1
19596.0,1,0,1
19598.0,1,0,1
19600.0,1,0,1
19601.0,1,0,1
19603.0,1,0,1
19605.0,1,0,1
19608.0,1,0,1
19609.0,2,0,2
19611.0,1,0,1
19613.0,1,0,1
19615.0,1,0,1
19617.0,2,0,2
19619.0,1,0,1
19621.0,1,0,1
19622.0,1,0,1
19624.0,1,0,1
19625.0,1,0,1
19627.0,1,0,1
19628.0,1,0,1
19630.0,1,0,1
19631.0,1,0,1
19634.0,1,0,1
19636.0,1,0,1
19638.0,1,0,1
19639.0,1,0,1
19641.0,1,0,1
19649.0,1,0,1
19651.0,1,0,1
19654.0,1,0,1
19656.0,3,0,3
19658.0,1,0,1
19659.0,1,0,1
19661.0,1,0,1
19663.0,1,0,1
19665.0,2,0,2
19667.0,1,0,1
19668.0,1,0,1
19670.0,1,0,1
19672.0,1,0,1
19674.0,1,0,1
19676.0,1,0,1
19679.0,1,0,1
19680.0,2,0,2
19683.0,1,0,1
19685.0,2,0,2
19687.0,1,0,1
19689.0,1,0,1
19691.0,1,0,1
19694.0,1,0,1
19696.0,1,0,1
19697.0,1,0,1
19698.0,1,0,1
19700.0,1,0,1
19702.0,1,0,1
19704.0,1,0,1
19707.0,1,0,1
19709.0,1,0,1
19711.0,1,0,1
19713.0,1,0,1
19716.0,3,0,3
19718.0,1,0,1
19720.0,1,0,1
19722.0,1,0,1
19724.0,1,0,1
19726.0,1,0,1
19728.0,1,0,1
19730.0,1,0,1
19733.0,1,0,1
19735.0,2,0,2
19737.0,1,0,1
19740.0,1,0,1
19741.0,1,0,1
19743.0,2,0,2
19746.0,1,0,1
19748.0,1,0,1
19749.0,1,0,1
19752.0,1,0,1
19755.0,1,0,1
19757.0,2,0,2
19761.0,1,0,1
19762.0,1,0,1
19764.0,1,0,1
19766.0,1,0,1
19768.0,1,0,1
19770.0,1,0,1
19772.0,1,0,1
19774.0,1,0,1
19775.0,1,0,1
19777.0,1,0,1
19779.0,1,0,1
19781.0,1,0,1
19783.0,1,0,1
19785.0,1,0,1
19787.0,1,0,1
19789.0,1,0,1
19790.0,1,0,1
19793.0,1,0,1
19795.0,1,0,1
19796.0,1,0,1
19798.0,1,0,1
19800.0,1,0,1
19803.0,1,0,1
19804.0,1,0,1
19807.0,1,0,1
19808.0,1,0,1
19809.0,2,0,2
19811.0,1,0,1
19813.0,1,0,1
19815.0,1,0,1
19817.0,1,0,1
19818.0,1,0,1
19820.0,1,0,1
19822.0,1,0,1
19824.0,1,0,1
19825.0,1,0,1
19827.0,1,0,1
19829.0,1,0,1
19833.0,1,0,1
19835.0,1,0,1
19837.0,1,0,1
19839.0,2,0,2
19841.0,1,0,1
19842.0,1,0,1
19844.0,2,0,2
19846.0,2,0,2
19848.0,1,0,1
19849.0,1,0,1
19850.0,1,0,1
19851.0,1,0,1
19853.0,2,0,2
19855.0,1,0,1
19861.0,1,0,1
19863.0,1,0,1
19864.0,1,0,1
19866.0,1,0,1
19868.0,1,0,1
19869.0,3,0,3
19873.0,1,0,1
19875.0,1,0,1
19877.0,1,0,1
19881.0,1,0,1
19885.0,1,0,1
19889.0,1,0,1
19891.0,1,0,1
19893.0,1,0,1
19895.0,1,0,1
19897.0,1,0,1
19901.0,1,0,1
19902.0,2,0,2
19904.0,1,0,1
19905.0,1,0,1
19907.0,1,0,1
19908.0,2,0,2
19910.0,1,0,1
19912.0,1,0,1
19914.0,1,0,1
19916.0,2,0,2
19918.0,1,0,1
19919.0,1,0,1
19921.0,1,0,1
19923.0,1,0,1
19925.0,1,0,1
19928.0,2,0,2
19931.0,1,0,1
19933.0,1,0,1
19934.0,1,0,1
19936.0,1,0,1
19938.0,1,0,1
19939.0,1,0,1
19940.0,1,0,1
19942.0,1,0,1
19945.0,1,0,1
19947.0,1,0,1
19949.0,2,0,2
19951.0,1,0,1
19953.0,1,0,1
19954.0,1,0,1
19956.0,1,0,1
19957.0,1,0,1
19958.0,1,0,1
19960.0,1,0,1
19964.0,1,0,1
19966.0,1,0,1
19968.0,1,0,1
19970.0,1,0,1
19972.0,1,0,1
19974.0,1,0,1
19976.0,2,0,2
19978.0,1,0,1
19980.0,1,0,1
19982.0,1,0,1
19983.0,2,0,2
19985.0,1,0,1
19987.0,1,0,1
19990.0,1,0,1
19992.0,1,0,1
19993.0,1,0,1
19995.0,1,0,1
19996.0,1,0,1
19998.0,1,0,1
20002.0,1,0,1
20004.0,1,0,1
20006.0,2,0,2
20008.0,1,0,1
20010.0,1,0,1
20014.0,1,0,1
20016.0,1,0,1
20018.0,1,0,1
20020.0,1,0,1
20024.0,1,0,1
20025.0,2,0,2
20026.0,1,0,1
20027.0,1,0,1
20029.0,1,0,1
20031.0,1,0,1
20033.0,1,0,1
20035.0,1,0,1
20038.0,1,0,1
20040.0,1,0,1
20042.0,1,0,1
20043.0,1,0,1
20046.0,1,0,1
20048.0,1,0,1
20050.0,1,0,1
20052.0,1,0,1
20054.0,1,0,1
20057.0,1,0,1
20059.0,1,0,1
20061.0,1,0,1
20063.0,1,0,1
20065.0,1,0,1
20067.0,1,0,1
20068.0,1,0,1
20070.0,1,0,1
20074.0,2,0,2
20076.0,1,0,1
20078.0,1,0,1
20080.0,1,0,1
20082.0,1,0,1
20084.0,1,0,1
20086.0,2,0,2
20089.0,1,0,1
20090.0,1,0,1
20092.0,1,0,1
20094.0,1,0,1
20096.0,1,0,1
20098.0,1,0,1
20100.0,1,0,1
20101.0,2,0,2
20104.0,1,0,1
20106.0,2,0,2
20108.0,1,0,1
20110.0,1,0,1
20112.0,1,0,1
20114.0,1,0,1
20115.0,1,0,1
20117.0,1,0,1
20119.0,1,0,1
20121.0,1,0,1
20123.0,2,0,2
20124.0,1,0,1
20128.0,1,0,1
20129.0,1,0,1
20131.0,2,0,2
20133.0,1,0,1
20135.0,2,0,2
20137.0,1,0,1
20139.0,1,0,1
20140.0,1,0,1
20142.0,1,0,1
20144.0,1,0,1
20145.0,1,0,1
20147.0,1,0,1
20149.0,1,0,1
20150.0,1,0,1
20152.0,1,0,1
20153.0,1,0,1
20155.0,2,0,2
20157.0,1,0,1
20159.0,1,0,1
20161.0,1,0,1
20163.0,1,0,1
20164.0,2,0,2
20166.0,1,0,1
20169.0,1,0,1
20171.0,1,0,1
20173.0,1,0,1
20175.0,1,0,1
20177.0,1,0,1
20180.0,1,0,1
20182.0,1,0,1
20183.0,1,0,1
20185.0,1,0,1
20188.0,3,0,3
20190.0,1,0,1
20191.0,1,0,1
20193.0,1,0,1
20196.0,2,0,2
20198.0,1,0,1
20200.0,2,0,2
20203.0,1,0,1
20204.0,1,0,1
20205.0,1,0,1
20207.0,1,0,1
20209.0,1,0,1
20211.0,1,0,1
20214.0,1,0,1
20216.0,1,0,1
20218.0,1,0,1
20222.0,1,0,1
20224.0,1,0,1
20226.0,1,0,1
20228.0,1,0,1
20230.0,1,0,1
20232.0,1,0,1
20234.0,1,0,1
20236.0,1,0,1
20237.0,1,0,1
20240.0,1,0,1
20242.0,1,0,1
20244.0,1,0,1
20246.0,1,0,1
20248.0,1,0,1
20250.0,1,0,1
20252.0,1,0,1
20254.0,1,0,1
20255.0,1,0,1
20257.0,1,0,1
20260.0,1,0,1
20262.0,1,0,1
20264.0,1,0,1
20266.0,1,0,1
20267.0,1,0,1
20269.0,1,0,1
20271.0,1,0,1
20273.0,1,0,1
20274.0,1,0,1
20275.0,1,0,1
20277.0,1,0,1
20278.0,1,0,1
20280.0,1,0,1
20282.0,1,0,1
20284.0,1,0,1
20287.0,1,0,1
20289.0,1,0,1
20292.0,1,0,1
20294.0,1,0,1
20295.0,1,0,1
20297.0,1,0,1
20301.0,1,0,1
20303.0,1,0,1
20305.0,1,0,1
20308.0,1,0,1
20311.0,1,0,1
20314.0,1,0,1
20315.0,1,0,1
20317.0,1,0,1
20321.0,1,0,1
20322.0,1,0,1
20326.0,1,0,1
20328.0,1,0,1
20331.0,1,0,1
20333.0,1,0,1
20335.0,2,0,2
20337.0,1,0,1
20339.0,1,0,1
20341.0,1,0,1
20343.0,1,0,1
20345.0,1,0,1
20348.0,1,0,1
20349.0,1,0,1
20350.0,1,0,1
20352.0,1,0,1
20354.0,1,0,1
20356.0,1,0,1
20357.0,1,0,1
20358.0,1,0,1
20359.0,1,0,1
20361.0,1,0,1
20363.0,1,0,1
20365.0,1,0,1
20367.0,1,0,1
20368.0,1,0,1
20369.0,1,0,1
20371.0,1,0,1
20373.0,1,0,1
20375.0,1,0,1
20377.0,1,0,1
20380.0,1,0,1
20382.0,1,0,1
20383.0,1,0,1
20385.0,1,0,1
20388.0,1,0,1
20390.0,1,0,1
20392.0,1,0,1
20396.0,2,0,2
20398.0,1,0,1
20400.0,1,0,1
20402.0,1,0,1
20403.0,1,0,1
20405.0,1,0,1
20407.0,1,0,1
20409.0,1,0,1
20410.0,1,0,1
20412.0,1,0,1
20413.0,1,0,1
20415.0,1,0,1
20418.0,1,0,1
20420.0,1,0,1
20422.0,1,0,1
20424.0,1,0,1
20426.0,1,0,1
20428.0,1,0,1
20431.0,1,0,1
20432.0,1,0,1
20435.0,1,0,1
20437.0,1,0,1
20439.0,1,0,1
20441.0,1,0,1
20443.0,1,0,1
20445.0,1,0,1
20447.0,1,0,1
20448.0,2,0,2
20451.0,1,0,1
20452.0,1,0,1
20454.0,1,0,1
20456.0,1,0,1
20458.0,1,0,1
20460.0,1,0,1
20464.0,1,0,1
20466.0,1,0,1
20469.0,1,0,1
20471.0,1,0,1
20472.0,1,0,1
20475.0,1,0,1
20476.0,1,0,1
20477.0,1,0,1
20479.0,1,0,1
20481.0,1,0,1
20482.0,1,0,1
20484.0,1,0,1
20486.0,1,0,1
20488.0,2,0,2
20490.0,1,0,1
20493.0,1,0,1
20495.0,1,0,1
20497.0,1,0,1
20499.0,1,0,1
20501.0,1,0,1
20505.0,1,0,1
20506.0,1,0,1
20507.0,1,0,1
20509.0,1,0,1
20511.0,1,0,1
20515.0,1,0,1
20517.0,1,0,1
20520.0,1,0,1
20521.0,1,0,1
20523.0,1,0,1
20525.0,1,0,1
20527.0,1,0,1
20529.0,1,0,1
20532.0,1,0,1
20534.0,2,0,2
20536.0,1,0,1
20538.0,1,0,1
20540.0,1,0,1
20542.0,1,0,1
20543.0,1,0,1
20545.0,1,0,1
20547.0,1,0,1
20549.0,1,0,1
20551.0,1,0,1
20553.0,1,0,1
20555.0,1,0,1
20556.0,1,0,1
20561.0,1,0,1
20562.0,1,0,1
20564.0,1,0,1
20566.0,1,0,1
20568.0,1,0,1
20571.0,1,0,1
20573.0,1,0,1
20575.0,1,0,1
20578.0,1,0,1
20580.0,1,0,1
20583.0,1,0,1
20585.0,1,0,1
20587.0,1,0,1
20589.0,1,0,1
20590.0,1,0,1
20592.0,1,0,1
20594.0,1,0,1
20596.0,1,0,1
20599.0,1,0,1
20603.0,2,0,2
20605.0,1,0,1
20607.0,1,0,1
20609.0,1,0,1
20611.0,1,0,1
20613.0,1,0,1
20615.0,1,0,1
20617.0,1,0,1
20619.0,1,0,1
20621.0,1,0,1
20623.0,1,0,1
20624.0,1,0,1
20625.0,1,0,1
20626.0,1,0,1
20628.0,1,0,1
20630.0,1,0,1
20632.0,1,0,1
20634.0,1,0,1
20636.0,1,0,1
20638.0,1,0,1
20640.0,1,0,1
20642.0,1,0,1
20645.0,1,0,1
20647.0,1,0,1
20649.0,1,0,1
20651.0,1,0,1
20653.0,1,0,1
20655.0,1,0,1
20656.0,1,0,1
20657.0,1,0,1
20659.0,1,0,1
20660.0,3,0,3
20663.0,1,0,1
20665.0,1,0,1
20667.0,1,0,1
20671.0,1,0,1
20673.0,1,0,1
20674.0,1,0,1
20675.0,1,0,1
20678.0,1,0,1
20681.0,1,0,1
20682.0,1,0,1
20684.0,1,0,1
20686.0,1,0,1
20688.0,1,0,1
20691.0,1,0,1
20693.0,1,0,1
20695.0,1,0,1
20697.0,1,0,1
20699.0,1,0,1
20701.0,1,0,1
20703.0,1,0,1
20704.0,1,0,1
20705.0,1,0,1
20707.0,1,0,1
20710.0,1,0,1
20712.0,1,0,1
20714.0,1,0,1
20715.0,1,0,1
20717.0,1,0,1
20720.0,1,0,1
20723.0,1,0,1
20725.0,1,0,1
20727.0,1,0,1
20729.0,1,0,1
20731.0,1,0,1
20732.0,1,0,1
20735.0,1,0,1
20738.0,1,0,1
20740.0,1,0,1
20742.0,1,0,1
20744.0,1,0,1
20746.0,1,0,1
20748.0,1,0,1
20749.0,1,0,1
20751.0,1,0,1
20753.0,1,0,1
20754.0,1,0,1
20757.0,1,0,1
20759.0,1,0,1
20763.0,1,0,1
20765.0,1,0,1
20766.0,1,0,1
20767.0,1,0,1
20770.0,1,0,1
20772.0,1,0,1
20774.0,1,0,1
20776.0,1,0,1
20777.0,1,0,1
20780.0,1,0,1
20782.0,1,0,1
20783.0,1,0,1
20785.0,1,0,1
20789.0,1,0,1
20791.0,1,0,1
20792.0,1,0,1
20794.0,1,0,1
20796.0,1,0,1
20800.0,1,0,1
20802.0,1,0,1
20804.0,1,0,1
20805.0,1,0,1
20807.0,1,0,1
20809.0,1,0,1
20811.0,1,0,1
20813.0,1,0,1
20816.0,1,0,1
20819.0,1,0,1
20821.0,1,0,1
20823.0,1,0,1
20825.0,1,0,1
20827.0,1,0,1
20828.0,1,0,1
20829.0,1,0,1
20831.0,2,0,2
20834.0,1,0,1
20837.0,1,0,1
20839.0,2,0,2
20841.0,1,0,1
20842.0,1,0,1
20845.0,1,0,1
20847.0,1,0,1
20849.0,1,0,1
20850.0,1,0,1
20851.0,1,0,1
20853.0,1,0,1
20854.0,1,0,1
20855.0,1,0,1
20857.0,1,0,1
20858.0,1,0,1
20861.0,1,0,1
20863.0,1,0,1
20868.0,1,0,1
20870.0,1,0,1
20871.0,1,0,1
20873.0,2,0,2
20875.0,1,0,1
20878.0,1,0,1
20880.0,1,0,1
20882.0,1,0,1
20884.0,1,0,1
20886.0,1,0,1
20888.0,1,0,1
20890.0,1,0,1
20892.0,1,0,1
20893.0,1,0,1
20894.0,1,0,1
20896.0,1,0,1
20898.0,1,0,1
20900.0,1,0,1
20901.0,1,0,1
20902.0,1,0,1
20904.0,1,0,1
20906.0,1,0,1
20908.0,1,0,1
20910.0,1,0,1
20912.0,1,0,1
20913.0,1,0,1
20914.0,1,0,1
20916.0,1,0,1
20920.0,1,0,1
20922.0,1,0,1
20927.0,1,0,1
20929.0,1,0,1
20931.0,1,0,1
20933.0,1,0,1
20935.0,1,0,1
20937.0,1,0,1
20939.0,1,0,1
20941.0,1,0,1
20942.0,1,0,1
20944.0,1,0,1
20948.0,1,0,1
20950.0,1,0,1
20951.0,1,0,1
20953.0,1,0,1
20955.0,1,0,1
20957.0,1,0,1
20959.0,2,0,2
20960.0,1,0,1
20962.0,1,0,1
20963.0,1,0,1
20965.0,1,0,1
20967.0,1,0,1
20969.0,1,0,1
20971.0,1,0,1
20972.0,1,0,1
20976.0,1,0,1
20978.0,1,0,1
20982.0,1,0,1
20984.0,1,0,1
20986.0,1,0,1
20988.0,1,0,1
20990.0,1,0,1
20992.0,1,0,1
20993.0,1,0,1
20994.0,1,0,1
20996.0,1,0,1
20997.0,1,0,1
20999.0,1,0,1
21001.0,1,0,1
21003.0,1,0,1
21004.0,1,0,1
21006.0,1,0,1
21008.0,1,0,1
21010.0,1,0,1
21012.0,1,0,1
21013.0,1,0,1
21015.0,1,0,1
21016.0,1,0,1
21018.0,1,0,1
21019.0,1,0,1
21021.0,1,0,1
21026.0,1,0,1
21028.0,1,0,1
21031.0,1,0,1
21033.0,1,0,1
21035.0,1,0,1
21037.0,1,0,1
21041.0,1,0,1
21044.0,1,0,1
21048.0,1,0,1
21049.0,1,0,1
21050.0,2,0,2
21051.0,1,0,1
21054.0,1,0,1
21055.0,1,0,1
21057.0,2,0,2
21059.0,1,0,1
21061.0,1,0,1
21063.0,1,0,1
21065.0,1,0,1
21067.0,1,0,1
21070.0,1,0,1
21072.0,1,0,1
21074.0,1,0,1
21076.0,1,0,1
21078.0,1,0,1
21080.0,1,0,1
21082.0,1,0,1
21084.0,1,0,1
21086.0,1,0,1
21087.0,1,0,1
21089.0,1,0,1
21091.0,1,0,1
21093.0,1,0,1
21094.0,1,0,1
21097.0,1,0,1
21100.0,1,0,1
21103.0,2,0,2
21105.0,1,0,1
21106.0,1,0,1
21108.0,1,0,1
21110.0,1,0,1
21112.0,1,0,1
21115.0,1,0,1
21119.0,1,0,1
21121.0,1,0,1
21123.0,1,0,1
21124.0,1,0,1
21126.0,1,0,1
21127.0,1,0,1
21129.0,1,0,1
21130.0,1,0,1
21132.0,1,0,1
21134.0,1,0,1
21136.0,1,0,1
21137.0,2,0,2
21139.0,1,0,1
21141.0,1,0,1
21143.0,1,0,1
21145.0,1,0,1
21147.0,1,0,1
21149.0,1,0,1
21151.0,1,0,1
21153.0,1,0,1
21156.0,1,0,1
21159.0,1,0,1
21161.0,1,0,1
21163.0,1,0,1
21164.0,1,0,1
21167.0,1,0,1
21170.0,1,0,1
21172.0,1,0,1
21173.0,1,0,1
21176.0,1,0,1
21178.0,1,0,1
21183.0,1,0,1
21184.0,1,0,1
21186.0,1,0,1
21187.0,1,0,1
21190.0,2,0,2
21192.0,1,0,1
21193.0,1,0,1
21196.0,1,0,1
21197.0,1,0,1
21199.0,1,0,1
21201.0,1,0,1
21203.0,1,0,1
21205.0,1,0,1
21206.0,1,0,1
21209.0,1,0,1
21212.0,1,0,1
21214.0,1,0,1
21217.0,2,0,2
21218.0,1,0,1
21220.0,1,0,1
21224.0,1,0,1
21226.0,1,0,1
21228.0,1,0,1
21230.0,1,0,1
21231.0,1,0,1
21233.0,1,0,1
21234.0,1,0,1
21235.0,1,0,1
21237.0,1,0,1
21238.0,1,0,1
21240.0,1,0,1
21242.0,1,0,1
21244.0,1,0,1
21246.0,1,0,1
21248.0,1,0,1
21250.0,1,0,1
21252.0,1,0,1
21253.0,1,0,1
21255.0,2,0,2
21257.0,1,0,1
21260.0,1,0,1
21262.0,1,0,1
21264.0,1,0,1
21266.0,1,0,1
21268.0,1,0,1
21273.0,1,0,1
21275.0,1,0,1
21277.0,1,0,1
21280.0,1,0,1
21283.0,1,0,1
21285.0,1,0,1
21286.0,1,0,1
21288.0,1,0,1
21290.0,1,0,1
21293.0,1,0,1
21294.0,1,0,1
21296.0,1,0,1
21297.0,1,0,1
21300.0,1,0,1
21302.0,1,0,1
21304.0,1,0,1
21305.0,1,0,1
21306.0,1,0,1
21308.0,1,0,1
21310.0,1,0,1
21311.0,1,0,1
21314.0,1,0,1
21316.0,1,0,1
21318.0,1,0,1
21320.0,1,0,1
21321.0,3,0,3
21323.0,1,0,1
21324.0,1,0,1
21325.0,1,0,1
21327.0,2,0,2
21330.0,1,0,1
21332.0,1,0,1
21334.0,1,0,1
21337.0,1,0,1
21339.0,1,0,1
21341.0,1,0,1
21342.0,1,0,1
21345.0,1,0,1
21346.0,1,0,1
21349.0,1,0,1
21351.0,1,0,1
21353.0,1,0,1
21355.0,1,0,1
21361.0,1,0,1
21363.0,1,0,1
21365.0,1,0,1
21367.0,1,0,1
21369.0,1,0,1
21371.0,1,0,1
21373.0,1,0,1
21375.0,1,0,1
21376.0,1,0,1
21377.0,1,0,1
21380.0,1,0,1
21382.0,1,0,1
21384.0,1,0,1
21385.0,1,0,1
21387.0,1,0,1
21389.0,1,0,1
21391.0,2,0,2
21393.0,1,0,1
21395.0,2,0,2
21397.0,1,0,1
21399.0,1,0,1
21401.0,1,0,1
21403.0,1,0,1
21406.0,1,0,1
21408.0,1,0,1
21410.0,1,0,1
21412.0,1,0,1
21414.0,1,0,1
21415.0,1,0,1
21417.0,1,0,1
21419.0,1,0,1
21420.0,1,0,1
21422.0,1,0,1
21424.0,1,0,1
21426.0,1,0,1
21429.0,1,0,1
21430.0,1,0,1
21434.0,1,0,1
21437.0,1,0,1
21439.0,1,0,1
21440.0,1,0,1
21442.0,1,0,1
21443.0,1,0,1
21445.0,1,0,1
21446.0,1,0,1
21450.0,1,0,1
21451.0,1,0,1
21453.0,1,0,1
21455.0,1,0,1
21456.0,1,0,1
21457.0,1,0,1
21459.0,1,0,1
21461.0,1,0,1
21463.0,1,0,1
21465.0,1,0,1
21467.0,1,0,1
21469.0,1,0,1
21471.0,1,0,1
21472.0,1,0,1
21474.0,1,0,1
21477.0,1,0,1
21481.0,1,0,1
21485.0,1,0,1
21486.0,1,0,1
21488.0,1,0,1
21489.0,1,0,1
21491.0,1,0,1
21492.0,1,0,1
21494.0,1,0,1
21496.0,1,0,1
21498.0,1,0,1
21501.0,1,0,1
21503.0,1,0,1
21505.0,1,0,1
21507.0,1,0,1
21510.0,1,0,1
21511.0,1,0,1
21513.0,1,0,1
21516.0,1,0,1
21518.0,1,0,1
21519.0,1,0,1
21521.0,1,0,1
21522.0,1,0,1
21523.0,1,0,1
21525.0,1,0,1
21527.0,1,0,1
21529.0,1,0,1
21531.0,1,0,1
21533.0,1,0,1
21535.0,1,0,1
21537.0,1,0,1
21539.0,1,0,1
21540.0,1,0,1
21542.0,1,0,1
21544.0,1,0,1
21547.0,1,0,1
21551.0,2,0,2
21553.0,1,0,1
21555.0,1,0,1
21556.0,1,0,1
21558.0,1,0,1
21560.0,1,0,1
21562.0,1,0,1
21563.0,1,0,1
21565.0,1,0,1
21568.0,1,0,1
21570.0,1,0,1
21572.0,1,0,1
21573.0,1,0,1
21579.0,1,0,1
21582.0,1,0,1
21584.0,1,0,1
21586.0,1,0,1
21589.0,1,0,1
21591.0,1,0,1
21592.0,1,0,1
21596.0,1,0,1
21597.0,1,0,1
21600.0,1,0,1
21604.0,1,0,1
21605.0,1,0,1
21607.0,1,0,1
21608.0,1,0,1
21610.0,2,0,2
21611.0,1,0,1
21613.0,1,0,1
21615.0,1,0,1
21616.0,1,0,1
21618.0,1,0,1
21622.0,1,0,1
21624.0,1,0,1
21626.0,1,0,1
21628.0,1,0,1
21630.0,1,0,1
21632.0,1,0,1
21634.0,1,0,1
21636.0,1,0,1
21638.0,1,0,1
21640.0,1,0,1
21642.0,1,0,1
21644.0,1,0,1
21647.0,1,0,1
21650.0,1,0,1
21652.0,1,0,1
21654.0,1,0,1
21655.0,1,0,1
21656.0,1,0,1
21658.0,1,0,1
21660.0,1,0,1
21661.0,1,0,1
21665.0,1,0,1
21669.0,1,0,1
21671.0,1,0,1
21673.0,2,0,2
21674.0,1,0,1
21676.0,1,0,1
21679.0,1,0,1
21681.0,1,0,1
21685.0,1,0,1
21688.0,1,0,1
21690.0,1,0,1
21692.0,1,0,1
21694.0,1,0,1
21696.0,1,0,1
21698.0,1,0,1
21699.0,1,0,1
21703.0,1,0,1
21704.0,1,0,1
21707.0,1,0,1
21708.0,1,0,1
21710.0,1,0,1
21712.0,1,0,1
21714.0,1,0,1
21715.0,1,0,1
21717.0,1,0,1
21719.0,1,0,1
21720.0,1,0,1
21721.0,1,0,1
21723.0,1,0,1
21726.0,1,0,1
21727.0,1,0,1
21729.0,1,0,1
21730.0,1,0,1
21733.0,1,0,1
21734.0,1,0,1
21736.0,1,0,1
21738.0,1,0,1
21741.0,1,0,1
21743.0,1,0,1
21746.0,1,0,1
21748.0,1,0,1
21750.0,1,0,1
21752.0,1,0,1
21754.0,1,0,1
21756.0,1,0,1
21757.0,1,0,1
21759.0,1,0,1
21761.0,1,0,1
21763.0,1,0,1
21765.0,1,0,1
21767.0,1,0,1
21769.0,1,0,1
21771.0,1,0,1
21774.0,1,0,1
21775.0,1,0,1
21776.0,1,0,1
21778.0,1,0,1
21779.0,1,0,1
21781.0,1,0,1
21782.0,1,0,1
21783.0,1,0,1
21784.0,1,0,1
21785.0,1,0,1
21787.0,1,0,1
21790.0,1,0,1
21793.0,1,0,1
21795.0,1,0,1
21797.0,1,0,1
21799.0,1,0,1
21802.0,1,0,1
21804.0,1,0,1
21806.0,1,0,1
21808.0,1,0,1
21810.0,1,0,1
21811.0,2,0,2
21812.0,1,0,1
21814.0,1,0,1
21816.0,1,0,1
21817.0,1,0,1
21819.0,1,0,1
21821.0,1,0,1
21823.0,1,0,1
21826.0,1,0,1
21827.0,1,0,1
21829.0,1,0,1
21831.0,1,0,1
21833.0,1,0,1
21834.0,1,0,1
21836.0,1,0,1
21837.0,1,0,1
21839.0,2,0,2
21841.0,1,0,1
21843.0,1,0,1
21845.0,1,0,1
21848.0,1,0,1
21850.0,1,0,1
21852.0,1,0,1
21854.0,1,0,1
21858.0,1,0,1
21859.0,1,0,1
21860.0,1,0,1
21864.0,1,0,1
21865.0,1,0,1
21867.0,1,0,1
21869.0,1,0,1
21871.0,1,0,1
21873.0,1,0,1
21875.0,1,0,1
21877.0,1,0,1
21878.0,1,0,1
21879.0,1,0,1
21881.0,1,0,1
21882.0,1,0,1
21883.0,1,0,1
21885.0,1,0,1
21887.0,1,0,1
21889.0,1,0,1
21891.0,1,0,1
21892.0,1,0,1
21894.0,1,0,1
21895.0,1,0,1
21897.0,1,0,1
21899.0,1,0,1
21900.0,1,0,1
21902.0,1,0,1
21903.0,2,0,2
21904.0,1,0,1
21907.0,1,0,1
21908.0,1,0,1
21910.0,1,0,1
21911.0,1,0,1
21912.0,1,0,1
21914.0,1,0,1
21917.0,1,0,1
21922.0,1,0,1
21924.0,1,0,1
21925.0,1,0,1
21927.0,1,0,1
21929.0,1,0,1
21931.0,1,0,1
21932.0,1,0,1
21934.0,1,0,1
21936.0,1,0,1
21938.0,1,0,1
21942.0,1,0,1
21944.0,1,0,1
21946.0,1,0,1
21947.0,1,0,1
21949.0,1,0,1
21951.0,1,0,1
21953.0,1,0,1
21955.0,1,0,1
21956.0,1,0,1
21959.0,1,0,1
21961.0,1,0,1
21963.0,1,0,1
21965.0,1,0,1
21967.0,1,0,1
21971.0,1,0,1
21976.0,1,0,1
21977.0,1,0,1
21979.0,1,0,1
21980.0,1,0,1
21982.0,1,0,1
21984.0,1,0,1
21986.0,1,0,1
21990.0,1,0,1
21992.0,1,0,1
21993.0,1,0,1
21995.0,1,0,1
21997.0,1,0,1
22000.0,1,0,1
22002.0,2,0,2
22005.0,1,0,1
22006.0,1,0,1
22007.0,1,0,1
22009.0,1,0,1
22010.0,1,0,1
22012.0,1,0,1
22013.0,1,0,1
22015.0,1,0,1
22017.0,1,0,1
22019.0,2,0,2
22020.0,1,0,1
22022.0,1,0,1
22024.0,1,0,1
22026.0,1,0,1
22028.0,1,0,1
22030.0,1,0,1
22033.0,1,0,1
22036.0,1,0,1
22038.0,1,0,1
22040.0,1,0,1
22042.0,2,0,2
22045.0,1,0,1
22047.0,1,0,1
22049.0,1,0,1
22051.0,1,0,1
22053.0,1,0,1
22055.0,1,0,1
22057.0,1,0,1
22059.0,1,0,1
22061.0,1,0,1
22063.0,1,0,1
22065.0,1,0,1
22067.0,1,0,1
22068.0,1,0,1
22070.0,1,0,1
22072.0,1,0,1
22074.0,1,0,1
22077.0,2,0,2
22081.0,1,0,1
22083.0,1,0,1
22085.0,1,0,1
22087.0,1,0,1
22088.0,1,0,1
22090.0,1,0,1
22092.0,1,0,1
22094.0,1,0,1
22096.0,1,0,1
22097.0,1,0,1
22099.0,1,0,1
22101.0,1,0,1
22102.0,1,0,1
22104.0,2,0,2
22106.0,1,0,1
22108.0,1,0,1
22109.0,1,0,1
22110.0,1,0,1
22113.0,1,0,1
22115.0,1,0,1
22117.0,1,0,1
22119.0,1,0,1
22121.0,1,0,1
22122.0,1,0,1
22124.0,1,0,1
22127.0,1,0,1
22129.0,1,0,1
22130.0,1,0,1
22131.0,1,0,1
22133.0,1,0,1
22136.0,1,0,1
22138.0,1,0,1
22140.0,1,0,1
22141.0,1,0,1
22143.0,1,0,1
22144.0,1,0,1
22146.0,1,0,1
22148.0,1,0,1
22150.0,1,0,1
22152.0,1,0,1
22154.0,1,0,1
22156.0,1,0,1
22157.0,1,0,1
22158.0,1,0,1
22159.0,1,0,1
22161.0,1,0,1
22163.0,1,0,1
22164.0,1,0,1
22165.0,1,0,1
22167.0,1,0,1
22168.0,1,0,1
22170.0,1,0,1
22171.0,1,0,1
22174.0,1,0,1
22176.0,1,0,1
22178.0,1,0,1
22180.0,1,0,1
22182.0,1,0,1
22183.0,1,0,1
22185.0,1,0,1
22187.0,2,0,2
22189.0,1,0,1
22191.0,1,0,1
22192.0,1,0,1
22194.0,1,0,1
22196.0,1,0,1
22198.0,1,0,1
22201.0,1,0,1
22203.0,1,0,1
22205.0,2,0,2
22207.0,1,0,1
22208.0,1,0,1
22210.0,1,0,1
22212.0,1,0,1
22215.0,1,0,1
22216.0,1,0,1
22219.0,1,0,1
22222.0,1,0,1
22223.0,1,0,1
22225.0,1,0,1
22227.0,1,0,1
22229.0,1,0,1
22236.0,1,0,1
22239.0,1,0,1
22241.0,1,0,1
22243.0,1,0,1
22245.0,1,0,1
22247.0,1,0,1
22249.0,1,0,1
22252.0,1,0,1
22254.0,1,0,1
22256.0,1,0,1
22257.0,2,0,2
22258.0,1,0,1
22260.0,1,0,1
22262.0,1,0,1
22264.0,1,0,1
22266.0,1,0,1
22268.0,1,0,1
22270.0,1,0,1
22272.0,1,0,1
22274.0,1,0,1
22276.0,1,0,1
22279.0,1,0,1
22282.0,1,0,1
22285.0,1,0,1
22287.0,1,0,1
22288.0,1,0,1
22291.0,1,0,1
22293.0,1,0,1
22294.0,1,0,1
22296.0,2,0,2
22297.0,2,0,2
22299.0,2,0,2
22302.0,1,0,1
22305.0,1,0,1
22307.0,1,0,1
22311.0,1,0,1
22313.0,1,0,1
22315.0,1,0,1
22317.0,1,0,1
22319.0,2,0,2
22321.0,1,0,1
22323.0,1,0,1
22325.0,1,0,1
22326.0,1,0,1
22329.0,1,0,1
22331.0,1,0,1
22332.0,1,0,1
22333.0,1,0,1
22335.0,1,0,1
22338.0,1,0,1
22340.0,1,0,1
22342.0,1,0,1
22344.0,1,0,1
22345.0,1,0,1
22347.0,1,0,1
22349.0,1,0,1
22352.0,1,0,1
22353.0,1,0,1
22356.0,1,0,1
22358.0,2,0,2
22360.0,1,0,1
22362.0,1,0,1
22366.0,1,0,1
22368.0,1,0,1
22370.0,1,0,1
22372.0,1,0,1
22374.0,1,0,1
22376.0,1,0,1
22378.0,1,0,1
22379.0,1,0,1
22380.0,1,0,1
22385.0,1,0,1
22387.0,1,0,1
22389.0,2,0,2
22391.0,1,0,1
22393.0,1,0,1
22395.0,1,0,1
22397.0,1,0,1
22399.0,1,0,1
22402.0,2,0,2
22404.0,1,0,1
22405.0,1,0,1
22408.0,1,0,1
22410.0,1,0,1
22413.0,1,0,1
22415.0,1,0,1
22418.0,1,0,1
22419.0,1,0,1
22421.0,1,0,1
22422.0,1,0,1
22424.0,1,0,1
22426.0,1,0,1
22428.0,1,0,1
22430.0,1,0,1
22432.0,1,0,1
22434.0,1,0,1
22436.0,1,0,1
22438.0,1,0,1
22439.0,1,0,1
22440.0,1,0,1
22442.0,1,0,1
22443.0,1,0,1
22445.0,1,0,1
22447.0,1,0,1
22449.0,1,0,1
22451.0,1,0,1
22453.0,1,0,1
22454.0,1,0,1
22458.0,1,0,1
22460.0,1,0,1
22463.0,1,0,1
22465.0,1,0,1
22466.0,1,0,1
22467.0,1,0,1
22470.0,2,0,2
22472.0,1,0,1
22473.0,1,0,1
22475.0,1,0,1
22477.0,1,0,1
22481.0,1,0,1
22483.0,1,0,1
22485.0,1,0,1
22487.0,1,0,1
22489.0,1,0,1
22491.0,1,0,1
22493.0,1,0,1
22495.0,1,0,1
22497.0,1,0,1
22499.0,1,0,1
22501.0,1,0,1
22502.0,1,0,1
22504.0,1,0,1
22506.0,1,0,1
22509.0,1,0,1
22511.0,1,0,1
22513.0,1,0,1
22515.0,1,0,1
22518.0,1,0,1
22520.0,1,0,1
22522.0,1,0,1
22524.0,1,0,1
22526.0,1,0,1
22528.0,1,0,1
22530.0,1,0,1
22531.0,2,0,2
22533.0,1,0,1
22534.0,1,0,1
22536.0,1,0,1
22537.0,1,0,1
22541.0,1,0,1
22543.0,1,0,1
22545.0,1,0,1
22548.0,1,0,1
22550.0,1,0,1
22551.0,1,0,1
22554.0,1,0,1
22557.0,1,0,1
22559.0,1,0,1
22561.0,1,0,1
22562.0,1,0,1
22563.0,1,0,1
22565.0,2,0,2
22566.0,1,0,1
22568.0,1,0,1
22570.0,1,0,1
22572.0,1,0,1
22574.0,1,0,1
22578.0,2,0,2
22580.0,1,0,1
22581.0,1,0,1
22583.0,1,0,1
22584.0,1,0,1
22586.0,1,0,1
22588.0,1,0,1
22590.0,1,0,1
22592.0,1,0,1
22594.0,1,0,1
22596.0,1,0,1
22598.0,1,0,1
22601.0,1,0,1
22603.0,1,0,1
22605.0,1,0,1
22607.0,1,0,1
22608.0,1,0,1
22610.0,1,0,1
22611.0,1,0,1
22613.0,2,0,2
22615.0,1,0,1
22617.0,1,0,1
22620.0,1,0,1
22622.0,1,0,1
22624.0,1,0,1
22626.0,1,0,1
22628.0,1,0,1
22629.0,1,0,1
22632.0,1,0,1
22634.0,1,0,1
22636.0,1,0,1
22638.0,1,0,1
22639.0,1,0,1
22641.0,1,0,1
22644.0,1,0,1
22646.0,1,0,1
22648.0,1,0,1
22654.0,1,0,1
22655.0,1,0,1
22657.0,1,0,1
22658.0,1,0,1
22659.0,1,0,1
22661.0,1,0,1
22663.0,2,0,2
22666.0,1,0,1
22669.0,1,0,1
22670.0,1,0,1
22672.0,1,0,1
22673.0,1,0,1
22675.0,1,0,1
22677.0,1,0,1
22679.0,1,0,1
22682.0,1,0,1
22684.0,1,0,1
22685.0,1,0,1
22687.0,1,0,1
22689.0,1,0,1
22691.0,1,0,1
22693.0,1,0,1
22697.0,1,0,1
22698.0,1,0,1
22700.0,1,0,1
22702.0,1,0,1
22705.0,1,0,1
22707.0,1,0,1
22709.0,1,0,1
22711.0,1,0,1
22713.0,1,0,1
22715.0,1,0,1
22717.0,1,0,1
22719.0,1,0,1
22721.0,1,0,1
22722.0,1,0,1
22724.0,1,0,1
22727.0,1,0,1
22731.0,1,0,1
22733.0,1,0,1
22738.0,1,0,1
22741.0,1,0,1
22742.0,1,0,1
22745.0,1,0,1
22747.0,1,0,1
22748.0,1,0,1
22750.0,1,0,1
22755.0,1,0,1
22757.0,1,0,1
22759.0,1,0,1
22761.0,1,0,1
22763.0,1,0,1
22764.0,1,0,1
22766.0,1,0,1
22768.0,1,0,1
22770.0,1,0,1
22772.0,1,0,1
22774.0,1,0,1
22775.0,1,0,1
22779.0,1,0,1
22781.0,1,0,1
22783.0,1,0,1
22785.0,1,0,1
22789.0,1,0,1
22791.0,1,0,1
22792.0,1,0,1
22794.0,1,0,1
22796.0,1,0,1
22797.0,1,0,1
22798.0,1,0,1
22800.0,1,0,1
22803.0,1,0,1
22805.0,1,0,1
22808.0,1,0,1
22811.0,1,0,1
22813.0,1,0,1
22814.0,1,0,1
22815.0,1,0,1
22818.0,2,0,2
22820.0,1,0,1
22822.0,1,0,1
22824.0,1,0,1
22827.0,1,0,1
22829.0,1,0,1
22830.0,1,0,1
22831.0,1,0,1
22833.0,1,0,1
22834.0,1,0,1
22836.0,1,0,1
22841.0,1,0,1
22843.0,1,0,1
22845.0,1,0,1
22847.0,1,0,1
22848.0,1,0,1
22850.0,1,0,1
22852.0,1,0,1
22853.0,1,0,1
22855.0,1,0,1
22857.0,1,0,1
22859.0,1,0,1
22860.0,1,0,1
22862.0,1,0,1
22864.0,1,0,1
22867.0,1,0,1
22868.0,1,0,1
22872.0,1,0,1
22873.0,1,0,1
22875.0,1,0,1
22876.0,1,0,1
22878.0,1,0,1
22879.0,1,0,1
22880.0,1,0,1
22882.0,1,0,1
22883.0,1,0,1
22885.0,1,0,1
22887.0,1,0,1
22891.0,1,0,1
22893.0,1,0,1
22895.0,1,0,1
22897.0,1,0,1
22898.0,1,0,1
22900.0,1,0,1
22901.0,1,0,1
22903.0,1,0,1
22908.0,1,0,1
22910.0,1,0,1
22914.0,1,0,1
22916.0,1,0,1
22918.0,1,0,1
22919.0,1,0,1
22921.0,1,0,1
22923.0,1,0,1
22927.0,1,0,1
22928.0,1,0,1
22930.0,1,0,1
22932.0,1,0,1
22934.0,1,0,1
22937.0,1,0,1
22939.0,1,0,1
22941.0,1,0,1
22942.0,1,0,1
22946.0,1,0,1
22949.0,1,0,1
22950.0,1,0,1
22951.0,2,0,2
22953.0,1,0,1
22955.0,1,0,1
22958.0,1,0,1
22961.0,1,0,1
22963.0,1,0,1
22967.0,1,0,1
22970.0,1,0,1
22972.0,1,0,1
22974.0,1,0,1
22977.0,1,0,1
22979.0,1,0,1
22980.0,2,0,2
22981.0,1,0,1
22986.0,1,0,1
22988.0,1,0,1
22990.0,1,0,1
22992.0,1,0,1
22999.0,1,0,1
23001.0,1,0,1
23003.0,1,0,1
23006.0,1,0,1
23009.0,1,0,1
23010.0,2,0,2
23012.0,1,0,1
23014.0,1,0,1
23016.0,1,0,1
23021.0,1,0,1
23023.0,1,0,1
23025.0,1,0,1
23030.0,1,0,1
23032.0,2,0,2
23034.0,1,0,1
23035.0,1,0,1
23037.0,1,0,1
23038.0,1,0,1
23041.0,1,0,1
23044.0,1,0,1
23047.0,1,0,1
23048.0,1,0,1
23050.0,1,0,1
23052.0,1,0,1
23054.0,1,0,1
23056.0,2,0,2
23058.0,1,0,1
23060.0,1,0,1
23062.0,1,0,1
23063.0,1,0,1
23065.0,1,0,1
23067.0,1,0,1
23069.0,1,0,1
23071.0,1,0,1
23073.0,1,0,1
23075.0,1,0,1
23078.0,1,0,1
23080.0,2,0,2
23082.0,1,0,1
23084.0,1,0,1
23086.0,1,0,1
23088.0,1,0,1
23090.0,1,0,1
23091.0,1,0,1
23094.0,1,0,1
23095.0,2,0,2
23099.0,1,0,1
23101.0,1,0,1
23102.0,1,0,1
23104.0,2,0,2
23106.0,1,0,1
23108.0,1,0,1
23110.0,1,0,1
23112.0,1,0,1
23113.0,1,0,1
23115.0,1,0,1
23116.0,1,0,1
23118.0,1,0,1
23119.0,1,0,1
23121.0,1,0,1
23123.0,1,0,1
23125.0,1,0,1
23127.0,1,0,1
23129.0,1,0,1
23131.0,1,0,1
23134.0,1,0,1
23137.0,1,0,1
23139.0,1,0,1
23141.0,1,0,1
23142.0,1,0,1
23146.0,1,0,1
23147.0,1,0,1
23148.0,1,0,1
23152.0,1,0,1
23153.0,1,0,1
23154.0,1,0,1
23155.0,1,0,1
23157.0,1,0,1
23160.0,1,0,1
23162.0,1,0,1
23169.0,1,0,1
23171.0,1,0,1
23174.0,1,0,1
23176.0,1,0,1
23177.0,1,0,1
23179.0,1,0,1
23181.0,1,0,1
23183.0,1,0,1
23184.0,1,0,1
23186.0,2,0,2
23187.0,1,0,1
23189.0,1,0,1
23190.0,1,0,1
23191.0,1,0,1
23193.0,1,0,1
23196.0,1,0,1
23198.0,1,0,1
23199.0,1,0,1
23203.0,1,0,1
23204.0,1,0,1
23206.0,2,0,2
23208.0,1,0,1
23210.0,1,0,1
23212.0,1,0,1
23214.0,1,0,1
23216.0,1,0,1
23218.0,1,0,1
23221.0,1,0,1
23224.0,1,0,1
23225.0,1,0,1
23227.0,1,0,1
23229.0,1,0,1
23231.0,1,0,1
23233.0,1,0,1
23234.0,1,0,1
23238.0,1,0,1
23240.0,1,0,1
23242.0,1,0,1
23244.0,1,0,1
23245.0,1,0,1
23246.0,1,0,1
23248.0,1,0,1
23252.0,1,0,1
23253.0,1,0,1
23255.0,1,0,1
23258.0,1,0,1
23259.0,1,0,1
23261.0,1,0,1
23262.0,1,0,1
23264.0,1,0,1
23266.0,1,0,1
23268.0,1,0,1
23270.0,1,0,1
23272.0,1,0,1
23274.0,1,0,1
23275.0,1,0,1
23277.0,1,0,1
23279.0,1,0,1
23280.0,1,0,1
23281.0,1,0,1
23283.0,1,0,1
23284.0,1,0,1
23287.0,1,0,1
23288.0,1,0,1
23290.0,1,0,1
23291.0,1,0,1
23294.0,1,0,1
23296.0,1,0,1
23299.0,2,0,2
23301.0,1,0,1
23302.0,1,0,1
23304.0,1,0,1
23306.0,1,0,1
23308.0,1,0,1
23310.0,1,0,1
23312.0,1,0,1
23315.0,1,0,1
23317.0,1,0,1
23319.0,1,0,1
23321.0,1,0,1
23324.0,1,0,1
23327.0,1,0,1
23328.0,1,0,1
23331.0,1,0,1
23332.0,1,0,1
23334.0,1,0,1
23338.0,1,0,1
23339.0,3,0,3
23341.0,1,0,1
23343.0,1,0,1
23344.0,1,0,1
23345.0,2,0,2
23346.0,2,0,2
23347.0,1,0,1
23349.0,1,0,1
23350.0,1,0,1
23352.0,1,0,1
23354.0,2,0,2
23357.0,1,0,1
23359.0,1,0,1
23361.0,1,0,1
23362.0,1,0,1
23364.0,1,0,1
23365.0,1,0,1
23367.0,2,0,2
23368.0,1,0,1
23371.0,1,0,1
23373.0,1,0,1
23375.0,1,0,1
23376.0,2,0,2
23379.0,1,0,1
23381.0,1,0,1
23383.0,1,0,1
23385.0,1,0,1
23387.0,1,0,1
23389.0,1,0,1
23391.0,1,0,1
23393.0,1,0,1
23395.0,1,0,1
23398.0,1,0,1
23400.0,1,0,1
23401.0,1,0,1
23403.0,1,0,1
23404.0,1,0,1
23407.0,1,0,1
23410.0,1,0,1
23413.0,1,0,1
23416.0,2,0,2
23418.0,1,0,1
23420.0,1,0,1
23425.0,2,0,2
23429.0,1,0,1
23431.0,1,0,1
23435.0,1,0,1
23437.0,1,0,1
23438.0,1,0,1
23440.0,1,0,1
23441.0,2,0,2
23443.0,2,0,2
23445.0,1,0,1
23447.0,1,0,1
23449.0,1,0,1
23451.0,1,0,1
23452.0,1,0,1
23455.0,1,0,1
23457.0,1,0,1
23458.0,1,0,1
23461.0,1,0,1
23464.0,1,0,1
23466.0,1,0,1
23468.0,2,0,2
23470.0,1,0,1
23471.0,1,0,1
23472.0,1,0,1
23474.0,1,0,1
23477.0,1,0,1
23480.0,1,0,1
23483.0,1,0,1
23485.0,1,0,1
23487.0,1,0,1
23490.0,1,0,1
23492.0,1,0,1
23493.0,1,0,1
23495.0,1,0,1
23497.0,1,0,1
23500.0,1,0,1
23502.0,1,0,1
23503.0,1,0,1
23504.0,1,0,1
23505.0,2,0,2
23506.0,1,0,1
23508.0,1,0,1
23511.0,1,0,1
23512.0,2,0,2
23515.0,2,0,2
23517.0,1,0,1
23519.0,1,0,1
23522.0,2,0,2
23523.0,1,0,1
23526.0,1,0,1
23529.0,1,0,1
23530.0,1,0,1
23532.0,1,0,1
23535.0,1,0,1
23536.0,1,0,1
23538.0,1,0,1
23540.0,2,0,2
23541.0,1,0,1
23542.0,1,0,1
23544.0,1,0,1
23545.0,2,0,2
23546.0,2,0,2
23547.0,1,0,1
23548.0,1,0,1
23550.0,1,0,1
23552.0,2,0,2
23554.0,1,0,1
23555.0,1,0,1
23556.0,2,0,2
23558.0,1,0,1
23560.0,1,0,1
23561.0,2,0,2
23562.0,1,0,1
23563.0,1,0,1
23564.0,1,0,1
23565.0,1,0,1
23567.0,1,0,1
23569.0,1,0,1
23571.0,1,0,1
23573.0,1,0,1
23575.0,1,0,1
23578.0,1,0,1
23579.0,1,0,1
23580.0,1,0,1
23582.0,1,0,1
23584.0,1,0,1
23590.0,1,0,1
23591.0,1,0,1
23592.0,1,0,1
23594.0,2,0,2
23596.0,1,0,1
23597.0,1,0,1
23599.0,1,0,1
23601.0,1,0,1
23605.0,1,0,1
23608.0,1,0,1
23610.0,1,0,1
23613.0,1,0,1
23615.0,1,0,1
23617.0,1,0,1
23620.0,1,0,1
23621.0,1,0,1
23622.0,1,0,1
23623.0,1,0,1
23624.0,1,0,1
23628.0,1,0,1
23629.0,1,0,1
23633.0,2,0,2
23634.0,1,0,1
23637.0,1,0,1
23638.0,1,0,1
23640.0,1,0,1
23641.0,1,0,1
23642.0,1,0,1
23645.0,1,0,1
23646.0,1,0,1
23647.0,1,0,1
23648.0,1,0,1
23649.0,2,0,2
23652.0,1,0,1
23653.0,1,0,1
23657.0,1,0,1
23659.0,2,0,2
23660.0,2,0,2
23662.0,1,0,1
23663.0,1,0,1
23665.0,2,0,2
23666.0,1,0,1
23668.0,1,0,1
23669.0,2,0,2
23673.0,1,0,1
23674.0,1,0,1
23676.0,1,0,1
23677.0,1,0,1
23679.0,2,0,2
23684.0,1,0,1
23685.0,1,0,1
23687.0,1,0,1
23688.0,1,0,1
23689.0,1,0,1
23694.0,1,0,1
23697.0,1,0,1
23699.0,1,0,1
23700.0,1,0,1
23701.0,1,0,1
23703.0,1,0,1
23705.0,1,0,1
23706.0,2,0,2
23708.0,1,0,1
23710.0,2,0,2
23711.0,1,0,1
23713.0,1,0,1
23715.0,1,0,1
23717.0,1,0,1
23719.0,1,0,1
23720.0,1,0,1
23722.0,2,0,2
23724.0,1,0,1
23726.0,1,0,1
23732.0,1,0,1
23733.0,1,0,1
23734.0,1,0,1
23738.0,2,0,2
23743.0,1,0,1
23744.0,1,0,1
23746.0,1,0,1
23747.0,1,0,1
23749.0,1,0,1
23751.0,1,0,1
23753.0,1,0,1
23755.0,1,0,1
23758.0,2,0,2
23760.0,1,0,1
23762.0,1,0,1
23765.0,1,0,1
23767.0,1,0,1
23852.0,1,0,1
23853.0,1,0,1
23855.0,1,0,1
23857.0,1,0,1
23859.0,1,0,1
23861.0,1,0,1
23863.0,1,0,1
23865.0,1,0,1
23866.0,1,0,1
23867.0,1,0,1
23871.0,2,0,2
23873.0,1,0,1
23874.0,1,0,1
23877.0,1,0,1
23878.0,1,0,1
23879.0,1,0,1
23881.0,1,0,1
23883.0,2,0,2
23884.0,1,0,1
23885.0,1,0,1
23887.0,1,0,1
23893.0,1,0,1
23897.0,1,0,1
23898.0,1,0,1
23899.0,1,0,1
23901.0,1,0,1
23903.0,1,0,1
23905.0,1,0,1
23907.0,1,0,1
23911.0,1,0,1
23912.0,1,0,1
23914.0,1,0,1
23916.0,1,0,1
23918.0,1,0,1
23921.0,1,0,1
23923.0,1,0,1
23926.0,1,0,1
23927.0,1,0,1
23929.0,1,0,1
23932.0,1,0,1
23935.0,1,0,1
23937.0,1,0,1
23941.0,1,0,1
23944.0,2,0,2
23947.0,1,0,1
23949.0,1,0,1
23951.0,1,0,1
23952.0,1,0,1
23953.0,1,0,1
23955.0,1,0,1
23957.0,1,0,1
23958.0,1,0,1
23959.0,1,0,1
23961.0,1,0,1
23963.0,1,0,1
23964.0,1,0,1
23965.0,1,0,1
23966.0,1,0,1
23967.0,1,0,1
23971.0,1,0,1
23973.0,1,0,1
23975.0,1,0,1
23977.0,1,0,1
23978.0,1,0,1
23982.0,1,0,1
23984.0,1,0,1
23987.0,1,0,1
23988.0,1,0,1
23990.0,1,0,1
23992.0,1,0,1
23995.0,1,0,1
23998.0,2,0,2
24000.0,2,0,2
24001.0,1,0,1
24002.0,1,0,1
24003.0,1,0,1
24004.0,1,0,1
24007.0,1,0,1
24009.0,1,0,1
24010.0,1,0,1
24012.0,1,0,1
24014.0,1,0,1
24015.0,1,0,1
24017.0,1,0,1
24019.0,1,0,1
24021.0,1,0,1
24023.0,1,0,1
24024.0,1,0,1
24026.0,1,0,1
24028.0,1,0,1
24030.0,1,0,1
24034.0,1,0,1
24035.0,1,0,1
24037.0,1,0,1
24040.0,1,0,1
24042.0,1,0,1
24043.0,1,0,1
24046.0,1,0,1
24048.0,3,0,3
24049.0,1,0,1
24050.0,1,0,1
24052.0,1,0,1
24053.0,1,0,1
24056.0,1,0,1
24058.0,2,0,2
24060.0,1,0,1
24062.0,1,0,1
24064.0,1,0,1
24065.0,1,0,1
24067.0,1,0,1
24069.0,1,0,1
24070.0,1,0,1
24074.0,1,0,1
24075.0,1,0,1
24078.0,1,0,1
24083.0,1,0,1
24085.0,1,0,1
24087.0,1,0,1
24088.0,1,0,1
24089.0,1,0,1
24091.0,1,0,1
24092.0,1,0,1
24095.0,2,0,2
24096.0,1,0,1
24097.0,1,0,1
24098.0,2,0,2
24100.0,1,0,1
24102.0,1,0,1
24104.0,1,0,1
24106.0,1,0,1
24107.0,1,0,1
24109.0,1,0,1
24112.0,1,0,1
24114.0,1,0,1
24116.0,1,0,1
24119.0,1,0,1
24121.0,2,0,2
24124.0,2,0,2
24126.0,1,0,1
24127.0,1,0,1
24130.0,1,0,1
24132.0,1,0,1
24134.0,1,0,1
24136.0,1,0,1
24138.0,1,0,1
24139.0,1,0,1
24141.0,2,0,2
24142.0,1,0,1
24146.0,1,0,1
24147.0,1,0,1
24149.0,1,0,1
24151.0,1,0,1
24153.0,2,0,2
24155.0,1,0,1
24157.0,1,0,1
24159.0,1,0,1
24161.0,1,0,1
24162.0,1,0,1
24163.0,1,0,1
24165.0,1,0,1
24167.0,2,0,2
24168.0,1,0,1
24170.0,1,0,1
24171.0,1,0,1
24172.0,1,0,1
24173.0,1,0,1
24174.0,1,0,1
24177.0,1,0,1
24180.0,1,0,1
24181.0,1,0,1
24184.0,2,0,2
24186.0,1,0,1
24189.0,1,0,1
24190.0,1,0,1
24192.0,2,0,2
24194.0,1,0,1
24196.0,1,0,1
24197.0,1,0,1
24198.0,1,0,1
24200.0,1,0,1
24201.0,1,0,1
24204.0,1,0,1
24205.0,1,0,1
24207.0,1,0,1
24208.0,1,0,1
24210.0,1,0,1
24213.0,1,0,1
24214.0,1,0,1
24215.0,1,0,1
24217.0,1,0,1
24219.0,1,0,1
24220.0,1,0,1
24223.0,2,0,2
24225.0,1,0,1
24226.0,1,0,1
24228.0,1,0,1
24230.0,1,0,1
24232.0,1,0,1
24234.0,1,0,1
24235.0,1,0,1
24237.0,1,0,1
24238.0,1,0,1
24241.0,1,0,1
24242.0,1,0,1
24244.0,1,0,1
24245.0,1,0,1
24246.0,1,0,1
24248.0,1,0,1
24251.0,1,0,1
24253.0,1,0,1
24255.0,1,0,1
24257.0,2,0,2
24258.0,1,0,1
24260.0,1,0,1
24261.0,1,0,1
24263.0,1,0,1
24265.0,1,0,1
24267.0,2,0,2
24269.0,2,0,2
24271.0,1,0,1
24272.0,1,0,1
24274.0,1,0,1
24275.0,1,0,1
24277.0,1,0,1
24279.0,1,0,1
24280.0,1,0,1
24282.0,1,0,1
24283.0,2,0,2
24284.0,1,0,1
24286.0,1,0,1
24289.0,1,0,1
24291.0,1,0,1
24294.0,1,0,1
24296.0,1,0,1
24298.0,2,0,2
24300.0,1,0,1
24301.0,1,0,1
24303.0,1,0,1
24305.0,2,0,2
24306.0,1,0,1
24308.0,1,0,1
24310.0,1,0,1
24311.0,1,0,1
24315.0,1,0,1
24317.0,1,0,1
24319.0,1,0,1
24321.0,1,0,1
24325.0,1,0,1
24327.0,1,0,1
24329.0,1,0,1
24332.0,1,0,1
24334.0,1,0,1
24336.0,1,0,1
24338.0,1,0,1
24339.0,1,0,1
24341.0,1,0,1
24342.0,1,0,1
24345.0,1,0,1
24348.0,1,0,1
24349.0,1,0,1
24350.0,2,0,2
24352.0,1,0,1
24356.0,1,0,1
24357.0,1,0,1
24359.0,1,0,1
24361.0,1,0,1
24363.0,1,0,1
24365.0,1,0,1
24366.0,1,0,1
24367.0,1,0,1
24368.0,1,0,1
24369.0,1,0,1
24371.0,1,0,1
24374.0,1,0,1
24377.0,1,0,1
24379.0,1,0,1
24380.0,1,0,1
24382.0,1,0,1
24383.0,3,0,3
24384.0,1,0,1
24387.0,1,0,1
24389.0,1,0,1
24391.0,1,0,1
24393.0,1,0,1
24394.0,1,0,1
24397.0,1,0,1
24398.0,1,0,1
24400.0,1,0,1
24402.0,1,0,1
24404.0,1,0,1
24406.0,1,0,1
24407.0,1,0,1
24411.0,2,0,2
24413.0,1,0,1
24417.0,1,0,1
24420.0,1,0,1
24422.0,1,0,1
24424.0,1,0,1
24426.0,1,0,1
24428.0,1,0,1
24430.0,1,0,1
24432.0,1,0,1
24433.0,1,0,1
24435.0,3,0,3
24437.0,1,0,1
24439.0,1,0,1
24441.0,1,0,1
24443.0,1,0,1
24447.0,1,0,1
24449.0,1,0,1
24451.0,1,0,1
24453.0,1,0,1
24454.0,1,0,1
24456.0,1,0,1
24457.0,1,0,1
24458.0,1,0,1
24459.0,1,0,1
24462.0,1,0,1
24463.0,1,0,1
24465.0,1,0,1
24467.0,1,0,1
24469.0,1,0,1
24470.0,1,0,1
24471.0,2,0,2
24473.0,1,0,1
24474.0,1,0,1
24476.0,2,0,2
24477.0,1,0,1
24480.0,1,0,1
24483.0,1,0,1
24484.0,1,0,1
24486.0,1,0,1
24488.0,1,0,1
24490.0,1,0,1
24491.0,1,0,1
24493.0,1,0,1
24495.0,4,0,4
24497.0,1,0,1
24499.0,1,0,1
24501.0,2,0,2
24502.0,1,0,1
24504.0,1,0,1
24505.0,1,0,1
24508.0,1,0,1
24510.0,1,0,1
24514.0,1,0,1
24515.0,1,0,1
24517.0,1,0,1
24518.0,1,0,1
24521.0,1,0,1
24523.0,1,0,1
24524.0,1,0,1
24526.0,1,0,1
24528.0,2,0,2
24529.0,1,0,1
24531.0,1,0,1
24532.0,1,0,1
24534.0,1,0,1
24536.0,1,0,1
24538.0,1,0,1
24540.0,1,0,1
24542.0,1,0,1
24543.0,2,0,2
24544.0,1,0,1
24546.0,1,0,1
24547.0,1,0,1
24549.0,1,0,1
24551.0,1,0,1
24552.0,1,0,1
24554.0,1,0,1
24555.0,1,0,1
24558.0,1,0,1
24560.0,1,0,1
24562.0,1,0,1
24563.0,2,0,2
24565.0,2,0,2
24567.0,1,0,1
24571.0,1,0,1
24572.0,1,0,1
24573.0,1,0,1
24574.0,1,0,1
24576.0,1,0,1
24578.0,1,0,1
24580.0,2,0,2
24582.0,1,0,1
24584.0,1,0,1
24585.0,2,0,2
24586.0,1,0,1
24590.0,1,0,1
24592.0,1,0,1
24593.0,1,0,1
24595.0,1,0,1
24596.0,1,0,1
24599.0,1,0,1
24601.0,1,0,1
24603.0,1,0,1
24606.0,1,0,1
24608.0,1,0,1
24610.0,1,0,1
24612.0,1,0,1
24614.0,1,0,1
24615.0,1,0,1
24617.0,1,0,1
24619.0,1,0,1
24621.0,1,0,1
24624.0,1,0,1
24625.0,1,0,1
24627.0,1,0,1
24628.0,1,0,1
24630.0,1,0,1
24632.0,1,0,1
24636.0,1,0,1
24638.0,1,0,1
24640.0,1,0,1
24642.0,1,0,1
24644.0,1,0,1
24647.0,1,0,1
24649.0,1,0,1
24651.0,1,0,1
24652.0,1,0,1
24653.0,1,0,1
24654.0,1,0,1
24656.0,1,0,1
24657.0,1,0,1
24659.0,1,0,1
24660.0,1,0,1
24662.0,1,0,1
24663.0,1,0,1
24665.0,1,0,1
24667.0,1,0,1
24669.0,1,0,1
24672.0,1,0,1
24675.0,1,0,1
24677.0,1,0,1
24679.0,1,0,1
24680.0,1,0,1
24681.0,1,0,1
24682.0,2,0,2
24683.0,1,0,1
24685.0,1,0,1
24686.0,1,0,1
24688.0,1,0,1
24689.0,1,0,1
24692.0,1,0,1
24693.0,1,0,1
24696.0,1,0,1
24697.0,2,0,2
24699.0,1,0,1
24701.0,1,0,1
24702.0,1,0,1
24704.0,1,0,1
24706.0,1,0,1
24707.0,2,0,2
24709.0,1,0,1
24710.0,1,0,1
24712.0,1,0,1
24714.0,1,0,1
24715.0,1,0,1
24717.0,1,0,1
24719.0,1,0,1
24722.0,1,0,1
24724.0,1,0,1
24725.0,1,0,1
24726.0,1,0,1
24728.0,1,0,1
24730.0,1,0,1
24731.0,1,0,1
24734.0,1,0,1
24736.0,1,0,1
24740.0,1,0,1
24741.0,1,0,1
24743.0,1,0,1
24744.0,1,0,1
24745.0,1,0,1
24746.0,1,0,1
24747.0,1,0,1
24748.0,2,0,2
24751.0,1,0,1
24753.0,1,0,1
24755.0,1,0,1
24758.0,1,0,1
24760.0,1,0,1
24761.0,1,0,1
24762.0,1,0,1
24763.0,1,0,1
24765.0,1,0,1
24766.0,1,0,1
24768.0,1,0,1
24769.0,1,0,1
24772.0,1,0,1
24774.0,1,0,1
24776.0,2,0,2
24778.0,1,0,1
24784.0,1,0,1
24786.0,1,0,1
24788.0,1,0,1
24790.0,1,0,1
24791.0,1,0,1
24795.0,1,0,1
24796.0,1,0,1
24797.0,1,0,1
24798.0,2,0,2
24800.0,1,0,1
24802.0,1,0,1
24804.0,1,0,1
24805.0,1,0,1
24806.0,1,0,1
24808.0,1,0,1
24811.0,1,0,1
24813.0,1,0,1
24815.0,2,0,2
24816.0,1,0,1
24818.0,1,0,1
24820.0,1,0,1
24822.0,1,0,1
24824.0,1,0,1
24825.0,1,0,1
24826.0,1,0,1
24831.0,1,0,1
24832.0,1,0,1
24834.0,1,0,1
24836.0,1,0,1
24837.0,1,0,1
24839.0,1,0,1
24840.0,1,0,1
24841.0,1,0,1
24843.0,1,0,1
24844.0,1,0,1
24846.0,1,0,1
24847.0,1,0,1
24848.0,1,0,1
24849.0,1,0,1
24851.0,1,0,1
24853.0,2,0,2
24854.0,1,0,1
24855.0,1,0,1
24856.0,1,0,1
24859.0,1,0,1
24861.0,2,0,2
24862.0,1,0,1
24863.0,2,0,2
24866.0,1,0,1
24867.0,1,0,1
24869.0,1,0,1
24873.0,1,0,1
24876.0,1,0,1
24878.0,1,0,1
24879.0,1,0,1
24883.0,1,0,1
24885.0,1,0,1
24887.0,1,0,1
24889.0,1,0,1
24891.0,1,0,1
24892.0,1,0,1
24899.0,1,0,1
24900.0,1,0,1
24901.0,1,0,1
24902.0,1,0,1
24903.0,1,0,1
24904.0,1,0,1
24905.0,1,0,1
24907.0,1,0,1
24910.0,1,0,1
24912.0,1,0,1
24913.0,1,0,1
24914.0,1,0,1
24917.0,1,0,1
24919.0,1,0,1
24922.0,2,0,2
24923.0,1,0,1
24925.0,1,0,1
24927.0,1,0,1
24928.0,1,0,1
24929.0,1,0,1
24930.0,1,0,1
24934.0,1,0,1
24938.0,1,0,1
24941.0,1,0,1
24944.0,1,0,1
24945.0,2,0,2
24947.0,1,0,1
24948.0,1,0,1
26908.0,1,0,1
93062.0,1,0,1
128578.0,1,0,1
131953.0,1,0,1
158991.0,1,0,1
1004967.0,1,0,1
1039376.0,1,0,1
1043837.0,1,0,1
1048354.0,1,0,1
1067938.0,1,0,1
1068322.0,1,0,1
1102749.0,1,0,1
1143901.0,1,0,1
1157992.0,1,0,1
1159863.0,1,0,1
1160043.0,1,0,1
4114382.0,1,0,1
4124801.0,1,0,1
4126524.0,1,0,1
4136585.0,1,0,1
4158255.0,2,1,1
4186466.0,1,0,1
5068217.0,1,0,1
